user_id,mandate_attempt_datetime,day_of_week,hour_of_day,setup_status,failure_reason
U0001,2026-02-03 07:27:00,Tuesday,7,Failed,Incorrect_UPI_PIN
U0002,2026-02-10 04:16:00,Tuesday,4,Failed,Incorrect_UPI_PIN
U0003,2026-02-16 08:16:00,Monday,8,Failed,VPA_Invalid
U0004,2026-02-22 15:28:00,Sunday,15,Success,
U0005,2026-02-19 17:49:00,Thursday,17,Success,
U0006,2026-03-01 16:24:00,Sunday,16,Success,
U0007,2026-01-06 01:33:00,Tuesday,1,Failed,Incorrect_UPI_PIN
U0008,2026-01-26 11:32:00,Monday,11,Failed,Incorrect_UPI_PIN
U0009,2026-01-15 13:44:00,Thursday,13,Failed,Incorrect_UPI_PIN
U0010,2026-02-10 19:30:00,Tuesday,19,Success,
U0011,2026-02-12 00:16:00,Thursday,0,Success,
U0012,2026-02-12 17:18:00,Thursday,17,Success,
U0013,2026-02-12 06:50:00,Thursday,6,Failed,VPA_Invalid
U0014,2026-01-23 09:44:00,Friday,9,Failed,Incorrect_UPI_PIN
U0015,2026-02-06 13:30:00,Friday,13,Failed,Bank_Timeout
U0016,2026-02-12 18:39:00,Thursday,18,Success,
U0017,2026-02-11 21:12:00,Wednesday,21,Failed,Bank_Timeout
U0018,2026-01-12 21:26:00,Monday,21,Success,
U0019,2026-01-18 01:00:00,Sunday,1,Failed,Incorrect_UPI_PIN
U0020,2026-02-22 02:14:00,Sunday,2,Success,
U0021,2026-01-29 06:59:00,Thursday,6,Success,
U0022,2026-02-10 04:51:00,Tuesday,4,Failed,VPA_Invalid
U0023,2026-02-04 01:11:00,Wednesday,1,Success,
U0024,2026-02-11 16:37:00,Wednesday,16,Success,
U0025,2026-01-09 01:15:00,Friday,1,Success,
U0026,2026-01-07 03:21:00,Wednesday,3,Success,
U0027,2026-01-07 08:29:00,Wednesday,8,Failed,Bank_Timeout
U0028,2026-02-20 00:31:00,Friday,0,Success,
U0029,2026-02-27 22:09:00,Friday,22,Success,
U0030,2026-01-13 05:40:00,Tuesday,5,Failed,Bank_Timeout
U0031,2026-02-06 06:48:00,Friday,6,Failed,VPA_Invalid
U0032,2026-01-10 01:39:00,Saturday,1,Success,
U0033,2026-02-20 23:53:00,Friday,23,Failed,Bank_Timeout
U0034,2026-02-04 11:36:00,Wednesday,11,Failed,Incorrect_UPI_PIN
U0035,2026-02-14 16:05:00,Saturday,16,Failed,VPA_Invalid
U0036,2026-01-10 02:44:00,Saturday,2,Success,
U0037,2026-01-24 11:02:00,Saturday,11,Success,
U0038,2026-02-15 09:01:00,Sunday,9,Failed,VPA_Invalid
U0039,2026-02-07 03:05:00,Saturday,3,Failed,VPA_Invalid
U0040,2026-02-24 20:37:00,Tuesday,20,Failed,VPA_Invalid
U0041,2026-02-15 00:43:00,Sunday,0,Failed,Incorrect_UPI_PIN
U0042,2026-01-23 14:11:00,Friday,14,Success,
U0043,2026-01-07 09:42:00,Wednesday,9,Failed,VPA_Invalid
U0044,2026-01-13 06:50:00,Tuesday,6,Failed,Incorrect_UPI_PIN
U0045,2026-02-12 13:11:00,Thursday,13,Failed,VPA_Invalid
U0046,2026-01-08 14:43:00,Thursday,14,Failed,Incorrect_UPI_PIN
U0047,2026-02-11 15:21:00,Wednesday,15,Failed,Incorrect_UPI_PIN
U0048,2026-02-20 11:30:00,Friday,11,Failed,VPA_Invalid
U0049,2026-01-06 23:07:00,Tuesday,23,Success,
U0050,2026-01-27 00:31:00,Tuesday,0,Success,
U0051,2026-01-21 13:10:00,Wednesday,13,Failed,VPA_Invalid
U0052,2026-02-22 04:09:00,Sunday,4,Failed,Bank_Timeout
U0053,2026-02-23 09:49:00,Monday,9,Failed,VPA_Invalid
U0054,2026-02-05 10:04:00,Thursday,10,Failed,Incorrect_UPI_PIN
U0055,2026-01-22 16:24:00,Thursday,16,Failed,Incorrect_UPI_PIN
U0056,2026-02-09 04:57:00,Monday,4,Success,
U0057,2026-02-16 07:59:00,Monday,7,Success,
U0058,2026-01-19 06:52:00,Monday,6,Failed,Incorrect_UPI_PIN
U0059,2026-01-02 04:42:00,Friday,4,Failed,VPA_Invalid
U0060,2026-01-23 13:58:00,Friday,13,Failed,VPA_Invalid
U0061,2026-01-03 10:49:00,Saturday,10,Success,
U0062,2026-02-20 05:56:00,Friday,5,Success,
U0063,2026-01-28 19:31:00,Wednesday,19,Success,
U0064,2026-01-16 01:14:00,Friday,1,Failed,Bank_Timeout
U0065,2026-01-15 20:35:00,Thursday,20,Success,
U0066,2026-01-14 22:23:00,Wednesday,22,Failed,VPA_Invalid
U0067,2026-01-10 02:25:00,Saturday,2,Failed,Incorrect_UPI_PIN
U0068,2026-02-12 21:14:00,Thursday,21,Failed,Bank_Timeout
U0069,2026-02-07 18:33:00,Saturday,18,Success,
U0070,2026-01-03 02:07:00,Saturday,2,Failed,Incorrect_UPI_PIN
U0071,2026-02-09 16:04:00,Monday,16,Success,
U0072,2026-01-12 22:45:00,Monday,22,Success,
U0073,2026-02-11 08:39:00,Wednesday,8,Failed,Incorrect_UPI_PIN
U0074,2026-02-19 13:51:00,Thursday,13,Success,
U0075,2026-02-27 15:55:00,Friday,15,Failed,VPA_Invalid
U0076,2026-01-20 04:09:00,Tuesday,4,Success,
U0077,2026-02-06 02:47:00,Friday,2,Success,
U0078,2026-01-20 04:23:00,Tuesday,4,Failed,Incorrect_UPI_PIN
U0079,2026-02-16 08:28:00,Monday,8,Failed,VPA_Invalid
U0080,2026-01-04 04:13:00,Sunday,4,Success,
U0081,2026-01-01 09:27:00,Thursday,9,Failed,VPA_Invalid
U0082,2026-02-19 19:00:00,Thursday,19,Success,
U0083,2026-01-02 01:37:00,Friday,1,Failed,VPA_Invalid
U0084,2026-02-09 07:41:00,Monday,7,Success,
U0085,2026-02-20 23:17:00,Friday,23,Success,
U0086,2026-02-25 05:50:00,Wednesday,5,Failed,Incorrect_UPI_PIN
U0087,2026-02-18 06:42:00,Wednesday,6,Success,
U0088,2026-01-29 06:29:00,Thursday,6,Failed,Incorrect_UPI_PIN
U0089,2026-02-08 17:37:00,Sunday,17,Success,
U0090,2026-02-12 11:15:00,Thursday,11,Failed,Bank_Timeout
U0091,2026-01-04 20:29:00,Sunday,20,Success,
U0092,2026-01-18 06:22:00,Sunday,6,Failed,Bank_Timeout
U0093,2026-01-05 13:43:00,Monday,13,Failed,Bank_Timeout
U0094,2026-02-19 18:31:00,Thursday,18,Failed,Incorrect_UPI_PIN
U0095,2026-01-23 15:01:00,Friday,15,Failed,Bank_Timeout
U0096,2026-01-14 15:11:00,Wednesday,15,Success,
U0097,2026-01-20 18:14:00,Tuesday,18,Failed,Incorrect_UPI_PIN
U0098,2026-01-27 02:07:00,Tuesday,2,Success,
U0099,2026-01-07 17:32:00,Wednesday,17,Success,
U0100,2026-02-21 05:41:00,Saturday,5,Success,
U0101,2026-02-01 04:10:00,Sunday,4,Failed,VPA_Invalid
U0102,2026-01-01 16:31:00,Thursday,16,Failed,VPA_Invalid
U0103,2026-02-23 15:30:00,Monday,15,Success,
U0104,2026-01-16 09:08:00,Friday,9,Failed,Bank_Timeout
U0105,2026-01-26 10:54:00,Monday,10,Failed,Bank_Timeout
U0106,2026-01-08 09:43:00,Thursday,9,Failed,Bank_Timeout
U0107,2026-02-21 05:34:00,Saturday,5,Failed,VPA_Invalid
U0108,2026-01-30 09:39:00,Friday,9,Success,
U0109,2026-02-18 19:57:00,Wednesday,19,Failed,VPA_Invalid
U0110,2026-01-04 19:13:00,Sunday,19,Failed,Bank_Timeout
U0111,2026-01-05 21:39:00,Monday,21,Success,
U0112,2026-01-29 12:12:00,Thursday,12,Failed,Bank_Timeout
U0113,2026-02-22 23:19:00,Sunday,23,Failed,Incorrect_UPI_PIN
U0114,2026-01-30 10:07:00,Friday,10,Success,
U0115,2026-02-23 02:33:00,Monday,2,Failed,Bank_Timeout
U0116,2026-02-12 01:50:00,Thursday,1,Failed,Bank_Timeout
U0117,2026-01-16 11:29:00,Friday,11,Success,
U0118,2026-02-10 21:18:00,Tuesday,21,Success,
U0119,2026-01-17 02:25:00,Saturday,2,Success,
U0120,2026-01-14 15:26:00,Wednesday,15,Success,
U0121,2026-01-08 16:09:00,Thursday,16,Failed,VPA_Invalid
U0122,2026-02-22 00:51:00,Sunday,0,Success,
U0123,2026-01-07 02:42:00,Wednesday,2,Success,
U0124,2026-02-06 01:51:00,Friday,1,Failed,Incorrect_UPI_PIN
U0125,2026-01-01 23:49:00,Thursday,23,Success,
U0126,2026-02-02 11:18:00,Monday,11,Failed,Bank_Timeout
U0127,2026-01-09 16:07:00,Friday,16,Failed,Bank_Timeout
U0128,2026-01-30 08:10:00,Friday,8,Success,
U0129,2026-01-27 04:52:00,Tuesday,4,Failed,Bank_Timeout
U0130,2026-02-20 00:55:00,Friday,0,Success,
U0131,2026-01-05 06:07:00,Monday,6,Success,
U0132,2026-01-29 12:41:00,Thursday,12,Failed,Bank_Timeout
U0133,2026-02-17 10:21:00,Tuesday,10,Success,
U0134,2026-01-31 19:21:00,Saturday,19,Success,
U0135,2026-01-27 03:03:00,Tuesday,3,Success,
U0136,2026-01-18 14:01:00,Sunday,14,Failed,Bank_Timeout
U0137,2026-02-11 06:59:00,Wednesday,6,Failed,Bank_Timeout
U0138,2026-01-10 02:59:00,Saturday,2,Success,
U0139,2026-01-06 14:07:00,Tuesday,14,Success,
U0140,2026-02-25 18:52:00,Wednesday,18,Failed,Incorrect_UPI_PIN
U0141,2026-01-31 05:27:00,Saturday,5,Failed,Bank_Timeout
U0142,2026-02-24 04:32:00,Tuesday,4,Failed,Bank_Timeout
U0143,2026-01-17 15:24:00,Saturday,15,Failed,Incorrect_UPI_PIN
U0144,2026-02-09 17:31:00,Monday,17,Success,
U0145,2026-02-24 21:28:00,Tuesday,21,Failed,Incorrect_UPI_PIN
U0146,2026-02-21 23:30:00,Saturday,23,Failed,Incorrect_UPI_PIN
U0147,2026-02-02 01:42:00,Monday,1,Failed,Incorrect_UPI_PIN
U0148,2026-02-06 06:32:00,Friday,6,Success,
U0149,2026-01-21 05:08:00,Wednesday,5,Success,
U0150,2026-02-08 02:25:00,Sunday,2,Failed,VPA_Invalid
U0151,2026-02-05 14:35:00,Thursday,14,Failed,Incorrect_UPI_PIN
U0152,2026-02-27 20:26:00,Friday,20,Failed,Bank_Timeout
U0153,2026-01-19 00:38:00,Monday,0,Failed,Bank_Timeout
U0154,2026-01-23 15:25:00,Friday,15,Success,
U0155,2026-02-05 08:13:00,Thursday,8,Failed,Incorrect_UPI_PIN
U0156,2026-01-09 20:22:00,Friday,20,Failed,Incorrect_UPI_PIN
U0157,2026-02-04 13:50:00,Wednesday,13,Failed,Incorrect_UPI_PIN
U0158,2026-03-01 11:45:00,Sunday,11,Failed,VPA_Invalid
U0159,2026-02-03 06:53:00,Tuesday,6,Success,
U0160,2026-02-24 03:39:00,Tuesday,3,Failed,Incorrect_UPI_PIN
U0161,2026-01-21 11:59:00,Wednesday,11,Failed,Bank_Timeout
U0162,2026-01-11 06:05:00,Sunday,6,Failed,Bank_Timeout
U0163,2026-01-29 16:40:00,Thursday,16,Failed,Bank_Timeout
U0164,2026-01-04 05:49:00,Sunday,5,Failed,VPA_Invalid
U0165,2026-01-03 03:04:00,Saturday,3,Failed,VPA_Invalid
U0166,2026-02-08 12:52:00,Sunday,12,Success,
U0167,2026-01-01 02:26:00,Thursday,2,Failed,Bank_Timeout
U0168,2026-01-22 16:59:00,Thursday,16,Failed,Incorrect_UPI_PIN
U0169,2026-01-31 06:28:00,Saturday,6,Success,
U0170,2026-02-12 08:14:00,Thursday,8,Success,
U0171,2026-02-05 16:38:00,Thursday,16,Failed,Bank_Timeout
U0172,2026-02-16 17:05:00,Monday,17,Success,
U0173,2026-02-23 05:02:00,Monday,5,Success,
U0174,2026-02-20 11:20:00,Friday,11,Failed,VPA_Invalid
U0175,2026-01-20 05:03:00,Tuesday,5,Failed,VPA_Invalid
U0176,2026-02-13 15:00:00,Friday,15,Failed,VPA_Invalid
U0177,2026-02-01 23:03:00,Sunday,23,Success,
U0178,2026-01-13 06:27:00,Tuesday,6,Failed,VPA_Invalid
U0179,2026-02-28 00:35:00,Saturday,0,Failed,Bank_Timeout
U0180,2026-02-01 01:28:00,Sunday,1,Success,
U0181,2026-02-05 18:04:00,Thursday,18,Success,
U0182,2026-02-08 23:59:00,Sunday,23,Failed,VPA_Invalid
U0183,2026-01-19 16:37:00,Monday,16,Success,
U0184,2026-03-01 07:30:00,Sunday,7,Failed,Incorrect_UPI_PIN
U0185,2026-01-01 10:02:00,Thursday,10,Failed,Bank_Timeout
U0186,2026-01-30 05:27:00,Friday,5,Failed,Bank_Timeout
U0187,2026-02-27 02:01:00,Friday,2,Failed,VPA_Invalid
U0188,2026-02-21 11:04:00,Saturday,11,Success,
U0189,2026-02-15 00:26:00,Sunday,0,Success,
U0190,2026-01-02 03:50:00,Friday,3,Success,
U0191,2026-02-20 10:20:00,Friday,10,Success,
U0192,2026-01-03 13:17:00,Saturday,13,Failed,Bank_Timeout
U0193,2026-01-23 12:37:00,Friday,12,Failed,Bank_Timeout
U0194,2026-01-18 22:30:00,Sunday,22,Failed,Bank_Timeout
U0195,2026-02-10 03:26:00,Tuesday,3,Failed,Incorrect_UPI_PIN
U0196,2026-02-23 11:39:00,Monday,11,Failed,Bank_Timeout
U0197,2026-02-11 07:15:00,Wednesday,7,Failed,Incorrect_UPI_PIN
U0198,2026-01-05 02:34:00,Monday,2,Success,
U0199,2026-02-03 16:05:00,Tuesday,16,Failed,Bank_Timeout
U0200,2026-02-24 20:03:00,Tuesday,20,Success,
U0201,2026-02-26 17:14:00,Thursday,17,Success,
U0202,2026-02-25 18:20:00,Wednesday,18,Failed,VPA_Invalid
U0203,2026-02-09 07:10:00,Monday,7,Failed,VPA_Invalid
U0204,2026-01-07 19:55:00,Wednesday,19,Success,
U0205,2026-01-28 00:04:00,Wednesday,0,Failed,Bank_Timeout
U0206,2026-02-20 05:30:00,Friday,5,Failed,VPA_Invalid
U0207,2026-01-29 04:26:00,Thursday,4,Failed,Incorrect_UPI_PIN
U0208,2026-02-04 23:05:00,Wednesday,23,Failed,Bank_Timeout
U0209,2026-02-23 07:54:00,Monday,7,Success,
U0210,2026-01-18 05:32:00,Sunday,5,Success,
U0211,2026-01-20 01:58:00,Tuesday,1,Success,
U0212,2026-02-05 06:34:00,Thursday,6,Failed,Incorrect_UPI_PIN
U0213,2026-01-23 09:59:00,Friday,9,Success,
U0214,2026-02-25 22:00:00,Wednesday,22,Failed,Incorrect_UPI_PIN
U0215,2026-02-21 19:23:00,Saturday,19,Success,
U0216,2026-02-22 02:18:00,Sunday,2,Failed,Bank_Timeout
U0217,2026-02-26 12:39:00,Thursday,12,Failed,Incorrect_UPI_PIN
U0218,2026-01-01 09:24:00,Thursday,9,Failed,Incorrect_UPI_PIN
U0219,2026-02-26 22:17:00,Thursday,22,Failed,Incorrect_UPI_PIN
U0220,2026-01-04 12:19:00,Sunday,12,Success,
U0221,2026-02-14 17:48:00,Saturday,17,Success,
U0222,2026-01-27 06:33:00,Tuesday,6,Success,
U0223,2026-02-15 05:40:00,Sunday,5,Failed,Bank_Timeout
U0224,2026-01-08 10:05:00,Thursday,10,Failed,Incorrect_UPI_PIN
U0225,2026-01-31 00:39:00,Saturday,0,Success,
U0226,2026-01-21 21:47:00,Wednesday,21,Failed,Incorrect_UPI_PIN
U0227,2026-02-28 07:48:00,Saturday,7,Success,
U0228,2026-02-09 12:22:00,Monday,12,Success,
U0229,2026-01-25 10:38:00,Sunday,10,Failed,Bank_Timeout
U0230,2026-01-16 14:00:00,Friday,14,Failed,VPA_Invalid
U0231,2026-01-28 06:42:00,Wednesday,6,Failed,VPA_Invalid
U0232,2026-01-08 19:22:00,Thursday,19,Success,
U0233,2026-01-28 09:10:00,Wednesday,9,Success,
U0234,2026-01-04 10:25:00,Sunday,10,Failed,Bank_Timeout
U0235,2026-02-12 11:01:00,Thursday,11,Failed,VPA_Invalid
U0236,2026-01-20 13:29:00,Tuesday,13,Success,
U0237,2026-02-14 01:47:00,Saturday,1,Failed,Incorrect_UPI_PIN
U0238,2026-01-06 07:04:00,Tuesday,7,Failed,Bank_Timeout
U0239,2026-02-19 13:55:00,Thursday,13,Failed,Bank_Timeout
U0240,2026-02-11 23:31:00,Wednesday,23,Failed,Incorrect_UPI_PIN
U0241,2026-01-14 10:36:00,Wednesday,10,Success,
U0242,2026-01-08 21:02:00,Thursday,21,Success,
U0243,2026-02-01 02:45:00,Sunday,2,Failed,Bank_Timeout
U0244,2026-02-28 23:11:00,Saturday,23,Success,
U0245,2026-02-13 08:17:00,Friday,8,Failed,VPA_Invalid
U0246,2026-01-14 05:21:00,Wednesday,5,Success,
U0247,2026-01-10 02:45:00,Saturday,2,Failed,Bank_Timeout
U0248,2026-01-23 17:25:00,Friday,17,Failed,Incorrect_UPI_PIN
U0249,2026-02-10 20:59:00,Tuesday,20,Success,
U0250,2026-01-28 00:29:00,Wednesday,0,Failed,VPA_Invalid
U0251,2026-02-13 04:00:00,Friday,4,Success,
U0252,2026-01-02 17:50:00,Friday,17,Success,
U0253,2026-01-03 11:05:00,Saturday,11,Failed,Bank_Timeout
U0254,2026-01-02 01:49:00,Friday,1,Failed,Bank_Timeout
U0255,2026-02-23 19:24:00,Monday,19,Success,
U0256,2026-02-02 16:06:00,Monday,16,Failed,VPA_Invalid
U0257,2026-02-18 08:42:00,Wednesday,8,Failed,Incorrect_UPI_PIN
U0258,2026-01-30 21:05:00,Friday,21,Success,
U0259,2026-01-31 13:17:00,Saturday,13,Failed,Incorrect_UPI_PIN
U0260,2026-01-24 12:48:00,Saturday,12,Failed,Bank_Timeout
U0261,2026-01-19 18:27:00,Monday,18,Success,
U0262,2026-02-23 20:31:00,Monday,20,Failed,Incorrect_UPI_PIN
U0263,2026-01-11 11:59:00,Sunday,11,Failed,VPA_Invalid
U0264,2026-01-18 01:30:00,Sunday,1,Success,
U0265,2026-02-11 06:26:00,Wednesday,6,Success,
U0266,2026-02-24 22:08:00,Tuesday,22,Success,
U0267,2026-02-06 04:11:00,Friday,4,Failed,Incorrect_UPI_PIN
U0268,2026-01-30 05:26:00,Friday,5,Failed,Bank_Timeout
U0269,2026-02-01 11:59:00,Sunday,11,Failed,VPA_Invalid
U0270,2026-02-24 03:00:00,Tuesday,3,Failed,VPA_Invalid
U0271,2026-01-25 21:11:00,Sunday,21,Failed,Bank_Timeout
U0272,2026-01-19 18:53:00,Monday,18,Success,
U0273,2026-01-09 06:59:00,Friday,6,Success,
U0274,2026-02-17 12:07:00,Tuesday,12,Failed,Bank_Timeout
U0275,2026-01-30 10:47:00,Friday,10,Failed,Incorrect_UPI_PIN
U0276,2026-02-28 12:37:00,Saturday,12,Failed,Bank_Timeout
U0277,2026-02-11 19:01:00,Wednesday,19,Failed,Bank_Timeout
U0278,2026-01-24 18:09:00,Saturday,18,Failed,VPA_Invalid
U0279,2026-01-27 18:59:00,Tuesday,18,Failed,Bank_Timeout
U0280,2026-01-26 15:06:00,Monday,15,Failed,Incorrect_UPI_PIN
U0281,2026-03-01 05:37:00,Sunday,5,Success,
U0282,2026-02-12 21:22:00,Thursday,21,Success,
U0283,2026-01-23 12:49:00,Friday,12,Failed,Incorrect_UPI_PIN
U0284,2026-01-16 04:52:00,Friday,4,Failed,Incorrect_UPI_PIN
U0285,2026-02-25 13:45:00,Wednesday,13,Failed,Incorrect_UPI_PIN
U0286,2026-01-15 18:37:00,Thursday,18,Success,
U0287,2026-01-14 08:10:00,Wednesday,8,Failed,Incorrect_UPI_PIN
U0288,2026-02-09 16:22:00,Monday,16,Success,
U0289,2026-01-14 06:57:00,Wednesday,6,Success,
U0290,2026-01-20 05:51:00,Tuesday,5,Failed,Bank_Timeout
U0291,2026-02-03 21:47:00,Tuesday,21,Success,
U0292,2026-02-07 05:27:00,Saturday,5,Failed,Incorrect_UPI_PIN
U0293,2026-03-01 16:33:00,Sunday,16,Failed,Bank_Timeout
U0294,2026-02-28 07:19:00,Saturday,7,Failed,Incorrect_UPI_PIN
U0295,2026-02-20 07:05:00,Friday,7,Failed,VPA_Invalid
U0296,2026-01-29 10:33:00,Thursday,10,Failed,Bank_Timeout
U0297,2026-01-29 08:14:00,Thursday,8,Failed,VPA_Invalid
U0298,2026-01-18 14:28:00,Sunday,14,Failed,Bank_Timeout
U0299,2026-02-20 23:14:00,Friday,23,Success,
U0300,2026-02-22 09:35:00,Sunday,9,Failed,Bank_Timeout
U0301,2026-01-12 17:31:00,Monday,17,Success,
U0302,2026-02-02 16:24:00,Monday,16,Failed,Incorrect_UPI_PIN
U0303,2026-01-12 17:57:00,Monday,17,Failed,VPA_Invalid
U0304,2026-01-16 18:05:00,Friday,18,Success,
U0305,2026-02-13 03:53:00,Friday,3,Success,
U0306,2026-01-01 05:14:00,Thursday,5,Failed,Incorrect_UPI_PIN
U0307,2026-02-17 22:12:00,Tuesday,22,Success,
U0308,2026-01-02 23:25:00,Friday,23,Success,
U0309,2026-02-15 21:27:00,Sunday,21,Failed,Incorrect_UPI_PIN
U0310,2026-02-15 13:15:00,Sunday,13,Failed,VPA_Invalid
U0311,2026-01-03 20:17:00,Saturday,20,Failed,VPA_Invalid
U0312,2026-02-19 06:01:00,Thursday,6,Failed,Bank_Timeout
U0313,2026-02-06 13:32:00,Friday,13,Failed,Incorrect_UPI_PIN
U0314,2026-02-12 01:53:00,Thursday,1,Success,
U0315,2026-02-14 15:14:00,Saturday,15,Success,
U0316,2026-02-18 22:45:00,Wednesday,22,Failed,Bank_Timeout
U0317,2026-02-10 21:40:00,Tuesday,21,Failed,Bank_Timeout
U0318,2026-01-29 13:46:00,Thursday,13,Success,
U0319,2026-02-12 18:36:00,Thursday,18,Failed,Incorrect_UPI_PIN
U0320,2026-02-20 04:00:00,Friday,4,Failed,Bank_Timeout
U0321,2026-01-27 15:35:00,Tuesday,15,Success,
U0322,2026-02-16 19:55:00,Monday,19,Failed,VPA_Invalid
U0323,2026-01-19 09:28:00,Monday,9,Failed,VPA_Invalid
U0324,2026-02-14 20:49:00,Saturday,20,Success,
U0325,2026-02-07 22:57:00,Saturday,22,Failed,Bank_Timeout
U0326,2026-02-14 10:57:00,Saturday,10,Failed,VPA_Invalid
U0327,2026-01-23 07:20:00,Friday,7,Failed,Bank_Timeout
U0328,2026-01-28 16:04:00,Wednesday,16,Success,
U0329,2026-02-12 05:22:00,Thursday,5,Failed,VPA_Invalid
U0330,2026-01-16 19:12:00,Friday,19,Success,
U0331,2026-02-23 07:18:00,Monday,7,Failed,Bank_Timeout
U0332,2026-02-10 07:51:00,Tuesday,7,Failed,Incorrect_UPI_PIN
U0333,2026-01-06 21:56:00,Tuesday,21,Failed,Bank_Timeout
U0334,2026-02-14 01:58:00,Saturday,1,Success,
U0335,2026-01-08 02:09:00,Thursday,2,Failed,VPA_Invalid
U0336,2026-02-02 01:36:00,Monday,1,Success,
U0337,2026-02-10 15:08:00,Tuesday,15,Failed,Incorrect_UPI_PIN
U0338,2026-02-22 13:14:00,Sunday,13,Success,
U0339,2026-02-21 09:05:00,Saturday,9,Failed,VPA_Invalid
U0340,2026-02-11 21:12:00,Wednesday,21,Success,
U0341,2026-01-07 01:28:00,Wednesday,1,Success,
U0342,2026-01-13 04:25:00,Tuesday,4,Failed,VPA_Invalid
U0343,2026-01-17 09:48:00,Saturday,9,Failed,Bank_Timeout
U0344,2026-02-13 16:16:00,Friday,16,Success,
U0345,2026-02-21 09:44:00,Saturday,9,Failed,Incorrect_UPI_PIN
U0346,2026-01-09 08:57:00,Friday,8,Failed,VPA_Invalid
U0347,2026-02-20 14:20:00,Friday,14,Failed,Bank_Timeout
U0348,2026-02-14 03:45:00,Saturday,3,Failed,Bank_Timeout
U0349,2026-02-28 14:25:00,Saturday,14,Failed,Bank_Timeout
U0350,2026-02-03 11:48:00,Tuesday,11,Failed,Incorrect_UPI_PIN
U0351,2026-02-06 11:10:00,Friday,11,Failed,VPA_Invalid
U0352,2026-02-26 03:17:00,Thursday,3,Failed,Bank_Timeout
U0353,2026-02-20 07:58:00,Friday,7,Failed,VPA_Invalid
U0354,2026-02-08 17:16:00,Sunday,17,Failed,VPA_Invalid
U0355,2026-01-14 01:07:00,Wednesday,1,Failed,Bank_Timeout
U0356,2026-01-28 22:41:00,Wednesday,22,Success,
U0357,2026-01-05 10:07:00,Monday,10,Failed,Bank_Timeout
U0358,2026-02-12 17:01:00,Thursday,17,Success,
U0359,2026-01-05 16:40:00,Monday,16,Failed,VPA_Invalid
U0360,2026-01-04 12:23:00,Sunday,12,Success,
U0361,2026-02-04 16:27:00,Wednesday,16,Success,
U0362,2026-01-28 23:19:00,Wednesday,23,Failed,Bank_Timeout
U0363,2026-01-06 08:14:00,Tuesday,8,Success,
U0364,2026-01-05 18:42:00,Monday,18,Failed,Incorrect_UPI_PIN
U0365,2026-01-26 07:35:00,Monday,7,Success,
U0366,2026-01-14 05:24:00,Wednesday,5,Success,
U0367,2026-01-27 04:01:00,Tuesday,4,Success,
U0368,2026-01-24 07:45:00,Saturday,7,Failed,Bank_Timeout
U0369,2026-02-02 05:46:00,Monday,5,Success,
U0370,2026-01-31 01:34:00,Saturday,1,Failed,Incorrect_UPI_PIN
U0371,2026-02-15 00:01:00,Sunday,0,Failed,Incorrect_UPI_PIN
U0372,2026-01-25 20:27:00,Sunday,20,Success,
U0373,2026-02-12 18:40:00,Thursday,18,Failed,VPA_Invalid
U0374,2026-01-14 06:59:00,Wednesday,6,Failed,Bank_Timeout
U0375,2026-02-20 04:59:00,Friday,4,Success,
U0376,2026-01-10 15:06:00,Saturday,15,Failed,Incorrect_UPI_PIN
U0377,2026-01-12 02:21:00,Monday,2,Failed,Bank_Timeout
U0378,2026-02-15 21:50:00,Sunday,21,Success,
U0379,2026-03-01 22:41:00,Sunday,22,Failed,VPA_Invalid
U0380,2026-01-26 17:16:00,Monday,17,Failed,Bank_Timeout
U0381,2026-02-22 04:00:00,Sunday,4,Failed,Incorrect_UPI_PIN
U0382,2026-01-26 02:45:00,Monday,2,Failed,Bank_Timeout
U0383,2026-02-03 02:39:00,Tuesday,2,Success,
U0384,2026-02-23 09:02:00,Monday,9,Failed,Incorrect_UPI_PIN
U0385,2026-02-05 07:24:00,Thursday,7,Failed,Incorrect_UPI_PIN
U0386,2026-01-14 17:36:00,Wednesday,17,Success,
U0387,2026-03-01 05:34:00,Sunday,5,Success,
U0388,2026-02-19 12:47:00,Thursday,12,Failed,Bank_Timeout
U0389,2026-01-16 06:16:00,Friday,6,Failed,VPA_Invalid
U0390,2026-01-01 07:00:00,Thursday,7,Success,
U0391,2026-01-06 15:38:00,Tuesday,15,Failed,Bank_Timeout
U0392,2026-01-23 21:54:00,Friday,21,Success,
U0393,2026-03-01 13:58:00,Sunday,13,Failed,Bank_Timeout
U0394,2026-02-15 02:27:00,Sunday,2,Failed,Bank_Timeout
U0395,2026-02-23 18:25:00,Monday,18,Failed,Incorrect_UPI_PIN
U0396,2026-01-11 03:45:00,Sunday,3,Failed,Incorrect_UPI_PIN
U0397,2026-02-06 03:43:00,Friday,3,Failed,Bank_Timeout
U0398,2026-02-19 00:00:00,Thursday,0,Success,
U0399,2026-02-03 08:32:00,Tuesday,8,Success,
U0400,2026-01-23 07:34:00,Friday,7,Success,
U0401,2026-02-26 15:11:00,Thursday,15,Success,
U0402,2026-01-16 09:06:00,Friday,9,Failed,VPA_Invalid
U0403,2026-01-11 19:08:00,Sunday,19,Success,
U0404,2026-02-06 15:20:00,Friday,15,Failed,Incorrect_UPI_PIN
U0405,2026-02-21 16:24:00,Saturday,16,Success,
U0406,2026-01-13 01:13:00,Tuesday,1,Success,
U0407,2026-02-03 23:51:00,Tuesday,23,Failed,Bank_Timeout
U0408,2026-02-25 09:12:00,Wednesday,9,Success,
U0409,2026-02-08 09:39:00,Sunday,9,Failed,Bank_Timeout
U0410,2026-01-06 15:43:00,Tuesday,15,Success,
U0411,2026-01-31 01:06:00,Saturday,1,Success,
U0412,2026-02-10 21:29:00,Tuesday,21,Success,
U0413,2026-01-27 20:40:00,Tuesday,20,Failed,Bank_Timeout
U0414,2026-02-08 02:55:00,Sunday,2,Success,
U0415,2026-01-23 14:44:00,Friday,14,Success,
U0416,2026-02-01 07:29:00,Sunday,7,Failed,VPA_Invalid
U0417,2026-01-17 04:31:00,Saturday,4,Failed,VPA_Invalid
U0418,2026-01-06 13:56:00,Tuesday,13,Success,
U0419,2026-02-17 00:30:00,Tuesday,0,Failed,VPA_Invalid
U0420,2026-02-08 22:35:00,Sunday,22,Failed,VPA_Invalid
U0421,2026-02-25 17:14:00,Wednesday,17,Failed,VPA_Invalid
U0422,2026-01-11 10:53:00,Sunday,10,Failed,Incorrect_UPI_PIN
U0423,2026-02-24 13:17:00,Tuesday,13,Failed,VPA_Invalid
U0424,2026-02-05 02:33:00,Thursday,2,Success,
U0425,2026-02-21 16:12:00,Saturday,16,Failed,Bank_Timeout
U0426,2026-01-14 13:45:00,Wednesday,13,Failed,Bank_Timeout
U0427,2026-02-25 22:53:00,Wednesday,22,Failed,VPA_Invalid
U0428,2026-02-17 19:57:00,Tuesday,19,Success,
U0429,2026-02-13 17:41:00,Friday,17,Failed,Incorrect_UPI_PIN
U0430,2026-01-29 09:45:00,Thursday,9,Failed,VPA_Invalid
U0431,2026-01-23 13:32:00,Friday,13,Failed,Bank_Timeout
U0432,2026-01-02 15:14:00,Friday,15,Success,
U0433,2026-01-17 17:15:00,Saturday,17,Failed,Bank_Timeout
U0434,2026-01-07 01:35:00,Wednesday,1,Failed,Bank_Timeout
U0435,2026-02-22 11:56:00,Sunday,11,Success,
U0436,2026-01-18 11:27:00,Sunday,11,Success,
U0437,2026-02-26 00:52:00,Thursday,0,Failed,Bank_Timeout
U0438,2026-01-01 10:31:00,Thursday,10,Failed,Bank_Timeout
U0439,2026-01-16 22:34:00,Friday,22,Success,
U0440,2026-01-22 07:16:00,Thursday,7,Failed,Incorrect_UPI_PIN
U0441,2026-01-27 05:57:00,Tuesday,5,Success,
U0442,2026-01-01 12:23:00,Thursday,12,Success,
U0443,2026-02-16 08:41:00,Monday,8,Failed,VPA_Invalid
U0444,2026-02-17 03:36:00,Tuesday,3,Failed,Bank_Timeout
U0445,2026-01-31 07:51:00,Saturday,7,Success,
U0446,2026-01-31 01:55:00,Saturday,1,Success,
U0447,2026-01-18 11:23:00,Sunday,11,Failed,Bank_Timeout
U0448,2026-02-23 03:52:00,Monday,3,Success,
U0449,2026-02-03 02:57:00,Tuesday,2,Failed,Bank_Timeout
U0450,2026-02-07 10:03:00,Saturday,10,Success,
U0451,2026-01-13 07:36:00,Tuesday,7,Failed,VPA_Invalid
U0452,2026-02-20 22:15:00,Friday,22,Success,
U0453,2026-01-06 20:35:00,Tuesday,20,Success,
U0454,2026-02-27 23:39:00,Friday,23,Success,
U0455,2026-01-23 08:29:00,Friday,8,Failed,Incorrect_UPI_PIN
U0456,2026-02-28 18:46:00,Saturday,18,Success,
U0457,2026-01-05 02:04:00,Monday,2,Failed,Incorrect_UPI_PIN
U0458,2026-02-23 07:37:00,Monday,7,Failed,Incorrect_UPI_PIN
U0459,2026-02-22 16:55:00,Sunday,16,Failed,Incorrect_UPI_PIN
U0460,2026-01-31 11:42:00,Saturday,11,Success,
U0461,2026-02-05 18:02:00,Thursday,18,Success,
U0462,2026-02-11 23:11:00,Wednesday,23,Success,
U0463,2026-02-21 19:44:00,Saturday,19,Failed,Incorrect_UPI_PIN
U0464,2026-02-12 05:30:00,Thursday,5,Failed,Incorrect_UPI_PIN
U0465,2026-01-09 06:36:00,Friday,6,Failed,VPA_Invalid
U0466,2026-02-21 19:24:00,Saturday,19,Failed,Incorrect_UPI_PIN
U0467,2026-02-03 23:54:00,Tuesday,23,Failed,VPA_Invalid
U0468,2026-01-12 12:05:00,Monday,12,Success,
U0469,2026-01-17 03:07:00,Saturday,3,Failed,Incorrect_UPI_PIN
U0470,2026-02-01 12:14:00,Sunday,12,Success,
U0471,2026-02-11 03:17:00,Wednesday,3,Failed,Incorrect_UPI_PIN
U0472,2026-02-17 07:05:00,Tuesday,7,Success,
U0473,2026-02-04 08:40:00,Wednesday,8,Failed,Bank_Timeout
U0474,2026-02-10 23:46:00,Tuesday,23,Success,
U0475,2026-01-26 05:22:00,Monday,5,Success,
U0476,2026-01-24 03:45:00,Saturday,3,Failed,Incorrect_UPI_PIN
U0477,2026-02-22 20:36:00,Sunday,20,Success,
U0478,2026-02-19 01:53:00,Thursday,1,Failed,Bank_Timeout
U0479,2026-02-08 20:06:00,Sunday,20,Failed,Incorrect_UPI_PIN
U0480,2026-02-13 15:56:00,Friday,15,Failed,VPA_Invalid
U0481,2026-02-24 21:36:00,Tuesday,21,Success,
U0482,2026-02-10 01:25:00,Tuesday,1,Success,
U0483,2026-01-08 17:15:00,Thursday,17,Success,
U0484,2026-02-11 16:47:00,Wednesday,16,Failed,Incorrect_UPI_PIN
U0485,2026-02-10 03:23:00,Tuesday,3,Success,
U0486,2026-02-03 06:35:00,Tuesday,6,Success,
U0487,2026-03-01 16:28:00,Sunday,16,Success,
U0488,2026-01-04 14:03:00,Sunday,14,Failed,Bank_Timeout
U0489,2026-02-07 02:53:00,Saturday,2,Success,
U0490,2026-01-17 16:57:00,Saturday,16,Failed,Bank_Timeout
U0491,2026-01-11 19:06:00,Sunday,19,Success,
U0492,2026-01-05 14:57:00,Monday,14,Failed,Incorrect_UPI_PIN
U0493,2026-02-20 14:35:00,Friday,14,Failed,Bank_Timeout
U0494,2026-01-31 14:01:00,Saturday,14,Success,
U0495,2026-01-31 19:26:00,Saturday,19,Success,
U0496,2026-01-04 21:56:00,Sunday,21,Success,
U0497,2026-02-14 02:42:00,Saturday,2,Failed,Bank_Timeout
U0498,2026-02-20 22:54:00,Friday,22,Success,
U0499,2026-02-28 11:14:00,Saturday,11,Failed,Bank_Timeout
U0500,2026-01-01 19:20:00,Thursday,19,Failed,Incorrect_UPI_PIN
U0501,2026-02-08 23:15:00,Sunday,23,Success,
U0502,2026-02-05 15:01:00,Thursday,15,Success,
U0503,2026-01-15 14:28:00,Thursday,14,Success,
U0504,2026-01-20 07:04:00,Tuesday,7,Failed,VPA_Invalid
U0505,2026-01-09 02:13:00,Friday,2,Success,
U0506,2026-02-28 08:45:00,Saturday,8,Failed,Bank_Timeout
U0507,2026-01-18 21:50:00,Sunday,21,Success,
U0508,2026-01-06 03:38:00,Tuesday,3,Success,
U0509,2026-01-15 21:54:00,Thursday,21,Success,
U0510,2026-01-12 18:53:00,Monday,18,Failed,Bank_Timeout
U0511,2026-01-29 15:43:00,Thursday,15,Failed,VPA_Invalid
U0512,2026-03-01 03:16:00,Sunday,3,Success,
U0513,2026-02-27 01:00:00,Friday,1,Failed,Bank_Timeout
U0514,2026-01-17 19:07:00,Saturday,19,Success,
U0515,2026-02-05 16:23:00,Thursday,16,Failed,Bank_Timeout
U0516,2026-01-12 14:08:00,Monday,14,Success,
U0517,2026-01-21 05:52:00,Wednesday,5,Failed,Bank_Timeout
U0518,2026-02-18 16:15:00,Wednesday,16,Failed,Bank_Timeout
U0519,2026-01-14 00:01:00,Wednesday,0,Failed,Incorrect_UPI_PIN
U0520,2026-01-13 05:44:00,Tuesday,5,Failed,Incorrect_UPI_PIN
U0521,2026-02-17 10:54:00,Tuesday,10,Failed,VPA_Invalid
U0522,2026-02-27 14:41:00,Friday,14,Success,
U0523,2026-02-20 06:38:00,Friday,6,Success,
U0524,2026-01-08 17:04:00,Thursday,17,Success,
U0525,2026-01-18 22:28:00,Sunday,22,Success,
U0526,2026-02-06 05:03:00,Friday,5,Success,
U0527,2026-02-15 10:48:00,Sunday,10,Failed,VPA_Invalid
U0528,2026-01-08 18:52:00,Thursday,18,Failed,Bank_Timeout
U0529,2026-02-07 16:39:00,Saturday,16,Failed,Bank_Timeout
U0530,2026-02-18 15:57:00,Wednesday,15,Failed,VPA_Invalid
U0531,2026-01-07 06:53:00,Wednesday,6,Success,
U0532,2026-02-19 02:53:00,Thursday,2,Failed,Incorrect_UPI_PIN
U0533,2026-02-04 01:34:00,Wednesday,1,Failed,VPA_Invalid
U0534,2026-02-16 16:55:00,Monday,16,Success,
U0535,2026-02-14 06:53:00,Saturday,6,Success,
U0536,2026-01-26 00:09:00,Monday,0,Failed,Incorrect_UPI_PIN
U0537,2026-01-14 05:09:00,Wednesday,5,Failed,VPA_Invalid
U0538,2026-01-01 12:08:00,Thursday,12,Success,
U0539,2026-02-23 03:27:00,Monday,3,Success,
U0540,2026-02-04 18:32:00,Wednesday,18,Success,
U0541,2026-02-03 19:10:00,Tuesday,19,Success,
U0542,2026-01-03 06:15:00,Saturday,6,Success,
U0543,2026-02-05 13:31:00,Thursday,13,Failed,Bank_Timeout
U0544,2026-01-02 04:52:00,Friday,4,Failed,Bank_Timeout
U0545,2026-01-23 10:14:00,Friday,10,Failed,Bank_Timeout
U0546,2026-02-10 10:48:00,Tuesday,10,Success,
U0547,2026-02-06 08:48:00,Friday,8,Failed,Bank_Timeout
U0548,2026-01-22 05:09:00,Thursday,5,Failed,Bank_Timeout
U0549,2026-02-03 08:12:00,Tuesday,8,Failed,Incorrect_UPI_PIN
U0550,2026-01-06 14:31:00,Tuesday,14,Success,
U0551,2026-01-21 03:28:00,Wednesday,3,Failed,Incorrect_UPI_PIN
U0552,2026-01-31 09:06:00,Saturday,9,Failed,Bank_Timeout
U0553,2026-02-04 20:20:00,Wednesday,20,Failed,Bank_Timeout
U0554,2026-02-07 23:42:00,Saturday,23,Failed,Bank_Timeout
U0555,2026-02-26 00:57:00,Thursday,0,Failed,Bank_Timeout
U0556,2026-02-20 04:10:00,Friday,4,Failed,Bank_Timeout
U0557,2026-01-25 20:53:00,Sunday,20,Success,
U0558,2026-02-16 14:36:00,Monday,14,Success,
U0559,2026-02-16 04:27:00,Monday,4,Failed,Bank_Timeout
U0560,2026-01-23 20:41:00,Friday,20,Success,
U0561,2026-01-06 10:42:00,Tuesday,10,Failed,Incorrect_UPI_PIN
U0562,2026-02-21 18:59:00,Saturday,18,Success,
U0563,2026-02-02 10:34:00,Monday,10,Failed,Incorrect_UPI_PIN
U0564,2026-02-08 00:32:00,Sunday,0,Success,
U0565,2026-01-06 08:01:00,Tuesday,8,Failed,VPA_Invalid
U0566,2026-02-04 23:00:00,Wednesday,23,Failed,VPA_Invalid
U0567,2026-02-12 17:51:00,Thursday,17,Failed,Bank_Timeout
U0568,2026-03-01 10:18:00,Sunday,10,Failed,Bank_Timeout
U0569,2026-02-10 02:58:00,Tuesday,2,Failed,Incorrect_UPI_PIN
U0570,2026-02-28 16:38:00,Saturday,16,Failed,VPA_Invalid
U0571,2026-02-26 22:16:00,Thursday,22,Success,
U0572,2026-01-26 11:10:00,Monday,11,Failed,Incorrect_UPI_PIN
U0573,2026-01-15 09:40:00,Thursday,9,Success,
U0574,2026-02-08 20:44:00,Sunday,20,Success,
U0575,2026-01-26 22:56:00,Monday,22,Success,
U0576,2026-01-23 14:11:00,Friday,14,Failed,VPA_Invalid
U0577,2026-01-10 10:21:00,Saturday,10,Failed,Incorrect_UPI_PIN
U0578,2026-01-18 23:39:00,Sunday,23,Failed,VPA_Invalid
U0579,2026-02-27 22:09:00,Friday,22,Failed,Bank_Timeout
U0580,2026-01-03 06:21:00,Saturday,6,Success,
U0581,2026-01-09 15:23:00,Friday,15,Success,
U0582,2026-02-08 17:25:00,Sunday,17,Success,
U0583,2026-01-06 15:24:00,Tuesday,15,Failed,Bank_Timeout
U0584,2026-02-06 22:58:00,Friday,22,Failed,Incorrect_UPI_PIN
U0585,2026-02-09 19:40:00,Monday,19,Success,
U0586,2026-02-02 05:58:00,Monday,5,Success,
U0587,2026-01-18 22:53:00,Sunday,22,Success,
U0588,2026-01-16 13:14:00,Friday,13,Success,
U0589,2026-01-14 18:25:00,Wednesday,18,Failed,VPA_Invalid
U0590,2026-02-12 04:41:00,Thursday,4,Success,
U0591,2026-02-22 21:56:00,Sunday,21,Failed,VPA_Invalid
U0592,2026-01-26 09:11:00,Monday,9,Success,
U0593,2026-02-26 15:29:00,Thursday,15,Success,
U0594,2026-02-17 09:36:00,Tuesday,9,Failed,Incorrect_UPI_PIN
U0595,2026-02-16 12:36:00,Monday,12,Failed,Incorrect_UPI_PIN
U0596,2026-01-01 02:10:00,Thursday,2,Failed,VPA_Invalid
U0597,2026-01-07 12:38:00,Wednesday,12,Success,
U0598,2026-02-10 22:40:00,Tuesday,22,Failed,Bank_Timeout
U0599,2026-02-17 06:06:00,Tuesday,6,Success,
U0600,2026-02-23 13:25:00,Monday,13,Failed,Incorrect_UPI_PIN
U0601,2026-02-13 17:22:00,Friday,17,Success,
U0602,2026-02-20 08:39:00,Friday,8,Failed,Incorrect_UPI_PIN
U0603,2026-02-01 21:49:00,Sunday,21,Success,
U0604,2026-02-03 02:25:00,Tuesday,2,Failed,Incorrect_UPI_PIN
U0605,2026-02-20 12:15:00,Friday,12,Failed,VPA_Invalid
U0606,2026-01-01 07:02:00,Thursday,7,Failed,Bank_Timeout
U0607,2026-01-13 23:57:00,Tuesday,23,Failed,Incorrect_UPI_PIN
U0608,2026-01-08 10:46:00,Thursday,10,Success,
U0609,2026-01-08 20:15:00,Thursday,20,Success,
U0610,2026-01-18 06:31:00,Sunday,6,Failed,Bank_Timeout
U0611,2026-01-10 19:51:00,Saturday,19,Failed,Incorrect_UPI_PIN
U0612,2026-01-25 04:22:00,Sunday,4,Success,
U0613,2026-02-03 00:27:00,Tuesday,0,Failed,VPA_Invalid
U0614,2026-02-23 09:49:00,Monday,9,Failed,VPA_Invalid
U0615,2026-01-27 09:48:00,Tuesday,9,Success,
U0616,2026-01-20 14:45:00,Tuesday,14,Failed,Incorrect_UPI_PIN
U0617,2026-02-28 08:40:00,Saturday,8,Failed,Incorrect_UPI_PIN
U0618,2026-01-22 01:38:00,Thursday,1,Success,
U0619,2026-01-20 21:16:00,Tuesday,21,Failed,VPA_Invalid
U0620,2026-01-15 06:07:00,Thursday,6,Failed,Bank_Timeout
U0621,2026-02-26 03:43:00,Thursday,3,Success,
U0622,2026-02-01 07:51:00,Sunday,7,Failed,Bank_Timeout
U0623,2026-01-24 18:42:00,Saturday,18,Success,
U0624,2026-01-22 16:24:00,Thursday,16,Success,
U0625,2026-01-02 01:46:00,Friday,1,Success,
U0626,2026-01-02 05:34:00,Friday,5,Failed,Bank_Timeout
U0627,2026-01-28 23:49:00,Wednesday,23,Success,
U0628,2026-01-22 05:42:00,Thursday,5,Failed,Bank_Timeout
U0629,2026-02-26 17:54:00,Thursday,17,Failed,VPA_Invalid
U0630,2026-02-24 03:02:00,Tuesday,3,Failed,Incorrect_UPI_PIN
U0631,2026-03-01 21:55:00,Sunday,21,Success,
U0632,2026-02-08 14:54:00,Sunday,14,Failed,Bank_Timeout
U0633,2026-02-07 10:49:00,Saturday,10,Failed,Incorrect_UPI_PIN
U0634,2026-01-26 04:39:00,Monday,4,Failed,Bank_Timeout
U0635,2026-02-28 01:26:00,Saturday,1,Failed,Bank_Timeout
U0636,2026-02-02 05:27:00,Monday,5,Failed,Bank_Timeout
U0637,2026-01-03 07:42:00,Saturday,7,Failed,VPA_Invalid
U0638,2026-02-08 16:59:00,Sunday,16,Failed,Bank_Timeout
U0639,2026-02-26 09:44:00,Thursday,9,Failed,Incorrect_UPI_PIN
U0640,2026-01-22 15:14:00,Thursday,15,Failed,Incorrect_UPI_PIN
U0641,2026-01-02 01:18:00,Friday,1,Success,
U0642,2026-02-23 21:40:00,Monday,21,Success,
U0643,2026-01-27 21:01:00,Tuesday,21,Success,
U0644,2026-01-17 17:07:00,Saturday,17,Failed,Incorrect_UPI_PIN
U0645,2026-02-04 20:58:00,Wednesday,20,Failed,VPA_Invalid
U0646,2026-01-02 20:53:00,Friday,20,Success,
U0647,2026-01-24 11:07:00,Saturday,11,Success,
U0648,2026-01-14 02:41:00,Wednesday,2,Failed,Bank_Timeout
U0649,2026-02-24 21:15:00,Tuesday,21,Success,
U0650,2026-01-22 02:47:00,Thursday,2,Failed,Incorrect_UPI_PIN
U0651,2026-02-15 20:34:00,Sunday,20,Success,
U0652,2026-01-25 02:34:00,Sunday,2,Success,
U0653,2026-01-17 13:49:00,Saturday,13,Failed,Bank_Timeout
U0654,2026-01-07 08:46:00,Wednesday,8,Failed,Bank_Timeout
U0655,2026-03-01 00:09:00,Sunday,0,Success,
U0656,2026-01-10 10:50:00,Saturday,10,Success,
U0657,2026-02-05 01:28:00,Thursday,1,Failed,VPA_Invalid
U0658,2026-02-14 00:47:00,Saturday,0,Success,
U0659,2026-02-28 06:40:00,Saturday,6,Failed,VPA_Invalid
U0660,2026-02-23 19:44:00,Monday,19,Failed,Bank_Timeout
U0661,2026-02-04 22:01:00,Wednesday,22,Failed,Incorrect_UPI_PIN
U0662,2026-02-18 07:59:00,Wednesday,7,Failed,VPA_Invalid
U0663,2026-02-04 03:51:00,Wednesday,3,Success,
U0664,2026-02-17 05:11:00,Tuesday,5,Success,
U0665,2026-02-20 11:39:00,Friday,11,Success,
U0666,2026-01-01 08:46:00,Thursday,8,Failed,VPA_Invalid
U0667,2026-01-13 05:47:00,Tuesday,5,Success,
U0668,2026-01-21 05:18:00,Wednesday,5,Success,
U0669,2026-02-07 17:04:00,Saturday,17,Failed,Incorrect_UPI_PIN
U0670,2026-01-01 14:49:00,Thursday,14,Failed,Bank_Timeout
U0671,2026-01-07 19:41:00,Wednesday,19,Success,
U0672,2026-02-01 11:32:00,Sunday,11,Success,
U0673,2026-01-28 18:59:00,Wednesday,18,Success,
U0674,2026-02-23 21:15:00,Monday,21,Success,
U0675,2026-01-21 02:14:00,Wednesday,2,Failed,VPA_Invalid
U0676,2026-02-20 21:48:00,Friday,21,Success,
U0677,2026-01-01 01:46:00,Thursday,1,Failed,VPA_Invalid
U0678,2026-02-18 01:43:00,Wednesday,1,Success,
U0679,2026-01-30 16:57:00,Friday,16,Success,
U0680,2026-01-09 14:18:00,Friday,14,Failed,Incorrect_UPI_PIN
U0681,2026-01-17 18:50:00,Saturday,18,Success,
U0682,2026-01-18 18:24:00,Sunday,18,Failed,Bank_Timeout
U0683,2026-01-21 16:53:00,Wednesday,16,Failed,Bank_Timeout
U0684,2026-02-23 14:04:00,Monday,14,Success,
U0685,2026-02-16 22:38:00,Monday,22,Success,
U0686,2026-01-06 00:50:00,Tuesday,0,Failed,Bank_Timeout
U0687,2026-02-10 03:04:00,Tuesday,3,Failed,VPA_Invalid
U0688,2026-01-21 00:38:00,Wednesday,0,Success,
U0689,2026-02-06 03:24:00,Friday,3,Failed,Bank_Timeout
U0690,2026-02-14 09:40:00,Saturday,9,Success,
U0691,2026-02-21 14:01:00,Saturday,14,Failed,Bank_Timeout
U0692,2026-02-10 10:47:00,Tuesday,10,Failed,Incorrect_UPI_PIN
U0693,2026-02-14 01:56:00,Saturday,1,Failed,VPA_Invalid
U0694,2026-01-22 09:49:00,Thursday,9,Failed,Incorrect_UPI_PIN
U0695,2026-02-16 19:45:00,Monday,19,Failed,Bank_Timeout
U0696,2026-02-28 21:08:00,Saturday,21,Failed,VPA_Invalid
U0697,2026-01-10 13:05:00,Saturday,13,Failed,Incorrect_UPI_PIN
U0698,2026-02-23 01:24:00,Monday,1,Failed,VPA_Invalid
U0699,2026-02-13 15:11:00,Friday,15,Success,
U0700,2026-01-11 20:33:00,Sunday,20,Failed,Incorrect_UPI_PIN
U0701,2026-02-08 17:04:00,Sunday,17,Failed,Bank_Timeout
U0702,2026-02-15 18:30:00,Sunday,18,Success,
U0703,2026-01-12 10:36:00,Monday,10,Failed,VPA_Invalid
U0704,2026-02-23 23:50:00,Monday,23,Failed,VPA_Invalid
U0705,2026-01-17 10:44:00,Saturday,10,Failed,Bank_Timeout
U0706,2026-01-02 10:32:00,Friday,10,Failed,Incorrect_UPI_PIN
U0707,2026-01-21 07:08:00,Wednesday,7,Failed,VPA_Invalid
U0708,2026-02-22 05:08:00,Sunday,5,Failed,Bank_Timeout
U0709,2026-01-13 06:53:00,Tuesday,6,Success,
U0710,2026-01-30 18:31:00,Friday,18,Success,
U0711,2026-02-15 12:30:00,Sunday,12,Success,
U0712,2026-01-29 18:40:00,Thursday,18,Success,
U0713,2026-01-30 20:18:00,Friday,20,Failed,Incorrect_UPI_PIN
U0714,2026-01-31 01:50:00,Saturday,1,Failed,Bank_Timeout
U0715,2026-02-24 11:10:00,Tuesday,11,Failed,Incorrect_UPI_PIN
U0716,2026-02-15 17:34:00,Sunday,17,Success,
U0717,2026-01-25 01:27:00,Sunday,1,Failed,Incorrect_UPI_PIN
U0718,2026-01-31 15:29:00,Saturday,15,Failed,Incorrect_UPI_PIN
U0719,2026-02-23 17:33:00,Monday,17,Success,
U0720,2026-01-02 07:07:00,Friday,7,Failed,Incorrect_UPI_PIN
U0721,2026-01-12 23:38:00,Monday,23,Success,
U0722,2026-02-03 10:40:00,Tuesday,10,Failed,VPA_Invalid
U0723,2026-01-29 18:12:00,Thursday,18,Success,
U0724,2026-01-15 18:23:00,Thursday,18,Failed,VPA_Invalid
U0725,2026-02-17 20:23:00,Tuesday,20,Failed,VPA_Invalid
U0726,2026-02-04 19:48:00,Wednesday,19,Failed,Bank_Timeout
U0727,2026-02-11 15:01:00,Wednesday,15,Failed,VPA_Invalid
U0728,2026-01-01 23:57:00,Thursday,23,Failed,Incorrect_UPI_PIN
U0729,2026-02-26 12:35:00,Thursday,12,Success,
U0730,2026-01-14 09:45:00,Wednesday,9,Failed,VPA_Invalid
U0731,2026-01-24 18:40:00,Saturday,18,Success,
U0732,2026-01-28 22:00:00,Wednesday,22,Failed,Incorrect_UPI_PIN
U0733,2026-02-28 21:37:00,Saturday,21,Failed,VPA_Invalid
U0734,2026-01-21 11:36:00,Wednesday,11,Success,
U0735,2026-02-20 10:26:00,Friday,10,Failed,VPA_Invalid
U0736,2026-02-18 11:27:00,Wednesday,11,Success,
U0737,2026-01-28 21:16:00,Wednesday,21,Failed,VPA_Invalid
U0738,2026-02-11 11:24:00,Wednesday,11,Failed,VPA_Invalid
U0739,2026-02-26 00:11:00,Thursday,0,Failed,VPA_Invalid
U0740,2026-02-02 00:56:00,Monday,0,Failed,Incorrect_UPI_PIN
U0741,2026-02-19 08:14:00,Thursday,8,Failed,VPA_Invalid
U0742,2026-02-11 03:00:00,Wednesday,3,Success,
U0743,2026-01-10 00:57:00,Saturday,0,Success,
U0744,2026-01-23 02:16:00,Friday,2,Failed,Incorrect_UPI_PIN
U0745,2026-01-09 23:10:00,Friday,23,Success,
U0746,2026-02-13 01:35:00,Friday,1,Failed,Incorrect_UPI_PIN
U0747,2026-02-21 13:21:00,Saturday,13,Failed,Incorrect_UPI_PIN
U0748,2026-01-09 08:59:00,Friday,8,Failed,Bank_Timeout
U0749,2026-01-29 08:16:00,Thursday,8,Failed,VPA_Invalid
U0750,2026-02-22 10:21:00,Sunday,10,Success,
U0751,2026-01-28 15:15:00,Wednesday,15,Success,
U0752,2026-01-01 21:26:00,Thursday,21,Failed,Bank_Timeout
U0753,2026-02-24 06:07:00,Tuesday,6,Failed,Bank_Timeout
U0754,2026-02-24 01:20:00,Tuesday,1,Success,
U0755,2026-01-17 12:50:00,Saturday,12,Failed,Incorrect_UPI_PIN
U0756,2026-02-10 07:16:00,Tuesday,7,Failed,VPA_Invalid
U0757,2026-02-17 02:47:00,Tuesday,2,Failed,Bank_Timeout
U0758,2026-02-05 21:35:00,Thursday,21,Success,
U0759,2026-01-29 09:17:00,Thursday,9,Success,
U0760,2026-01-26 04:15:00,Monday,4,Success,
U0761,2026-01-01 19:45:00,Thursday,19,Failed,Incorrect_UPI_PIN
U0762,2026-01-14 17:09:00,Wednesday,17,Failed,Bank_Timeout
U0763,2026-01-21 08:28:00,Wednesday,8,Failed,VPA_Invalid
U0764,2026-01-05 23:13:00,Monday,23,Failed,VPA_Invalid
U0765,2026-01-26 17:33:00,Monday,17,Failed,Bank_Timeout
U0766,2026-02-17 16:21:00,Tuesday,16,Failed,Incorrect_UPI_PIN
U0767,2026-02-03 10:12:00,Tuesday,10,Failed,Incorrect_UPI_PIN
U0768,2026-02-14 21:38:00,Saturday,21,Failed,Incorrect_UPI_PIN
U0769,2026-01-12 02:42:00,Monday,2,Success,
U0770,2026-02-08 10:43:00,Sunday,10,Failed,Bank_Timeout
U0771,2026-01-06 03:28:00,Tuesday,3,Success,
U0772,2026-01-24 19:08:00,Saturday,19,Failed,Incorrect_UPI_PIN
U0773,2026-01-20 10:37:00,Tuesday,10,Failed,Incorrect_UPI_PIN
U0774,2026-02-13 03:53:00,Friday,3,Failed,VPA_Invalid
U0775,2026-01-30 22:25:00,Friday,22,Success,
U0776,2026-01-08 04:48:00,Thursday,4,Failed,Incorrect_UPI_PIN
U0777,2026-02-15 02:24:00,Sunday,2,Failed,VPA_Invalid
U0778,2026-01-30 19:23:00,Friday,19,Failed,VPA_Invalid
U0779,2026-03-01 21:07:00,Sunday,21,Success,
U0780,2026-02-06 03:12:00,Friday,3,Success,
U0781,2026-02-15 18:16:00,Sunday,18,Failed,Bank_Timeout
U0782,2026-01-03 04:35:00,Saturday,4,Success,
U0783,2026-01-10 18:16:00,Saturday,18,Success,
U0784,2026-02-16 05:25:00,Monday,5,Success,
U0785,2026-02-07 22:32:00,Saturday,22,Failed,VPA_Invalid
U0786,2026-01-28 04:11:00,Wednesday,4,Failed,Bank_Timeout
U0787,2026-02-16 19:16:00,Monday,19,Success,
U0788,2026-01-01 23:56:00,Thursday,23,Success,
U0789,2026-02-07 12:43:00,Saturday,12,Failed,Incorrect_UPI_PIN
U0790,2026-02-15 08:05:00,Sunday,8,Success,
U0791,2026-01-08 09:19:00,Thursday,9,Failed,Bank_Timeout
U0792,2026-01-27 16:41:00,Tuesday,16,Failed,VPA_Invalid
U0793,2026-02-23 09:13:00,Monday,9,Success,
U0794,2026-01-30 18:35:00,Friday,18,Failed,VPA_Invalid
U0795,2026-02-24 04:05:00,Tuesday,4,Failed,Incorrect_UPI_PIN
U0796,2026-01-03 11:44:00,Saturday,11,Success,
U0797,2026-01-01 03:18:00,Thursday,3,Failed,VPA_Invalid
U0798,2026-02-07 06:39:00,Saturday,6,Failed,Bank_Timeout
U0799,2026-02-28 15:32:00,Saturday,15,Success,
U0800,2026-01-26 10:45:00,Monday,10,Failed,Incorrect_UPI_PIN
U0801,2026-01-14 20:33:00,Wednesday,20,Success,
U0802,2026-01-16 13:50:00,Friday,13,Success,
U0803,2026-01-27 17:33:00,Tuesday,17,Success,
U0804,2026-02-22 19:55:00,Sunday,19,Failed,Bank_Timeout
U0805,2026-02-02 00:46:00,Monday,0,Failed,Incorrect_UPI_PIN
U0806,2026-02-15 21:08:00,Sunday,21,Success,
U0807,2026-02-28 09:04:00,Saturday,9,Failed,Bank_Timeout
U0808,2026-01-07 01:52:00,Wednesday,1,Success,
U0809,2026-01-02 05:14:00,Friday,5,Success,
U0810,2026-02-07 08:51:00,Saturday,8,Success,
U0811,2026-02-24 12:26:00,Tuesday,12,Failed,VPA_Invalid
U0812,2026-02-19 13:38:00,Thursday,13,Success,
U0813,2026-02-13 05:00:00,Friday,5,Success,
U0814,2026-02-08 05:04:00,Sunday,5,Failed,Incorrect_UPI_PIN
U0815,2026-02-01 06:12:00,Sunday,6,Failed,Incorrect_UPI_PIN
U0816,2026-02-22 03:47:00,Sunday,3,Failed,Bank_Timeout
U0817,2026-01-03 15:53:00,Saturday,15,Success,
U0818,2026-01-15 05:12:00,Thursday,5,Failed,Incorrect_UPI_PIN
U0819,2026-01-20 21:46:00,Tuesday,21,Failed,Incorrect_UPI_PIN
U0820,2026-01-06 13:30:00,Tuesday,13,Failed,VPA_Invalid
U0821,2026-01-09 07:32:00,Friday,7,Success,
U0822,2026-02-12 22:21:00,Thursday,22,Failed,VPA_Invalid
U0823,2026-01-05 23:54:00,Monday,23,Success,
U0824,2026-02-28 22:19:00,Saturday,22,Failed,Incorrect_UPI_PIN
U0825,2026-02-04 07:59:00,Wednesday,7,Failed,Incorrect_UPI_PIN
U0826,2026-02-12 01:57:00,Thursday,1,Success,
U0827,2026-01-11 05:07:00,Sunday,5,Failed,VPA_Invalid
U0828,2026-01-11 01:18:00,Sunday,1,Failed,Bank_Timeout
U0829,2026-01-03 09:19:00,Saturday,9,Failed,Incorrect_UPI_PIN
U0830,2026-01-22 15:57:00,Thursday,15,Success,
U0831,2026-02-17 02:36:00,Tuesday,2,Failed,VPA_Invalid
U0832,2026-02-13 17:16:00,Friday,17,Failed,VPA_Invalid
U0833,2026-02-12 16:39:00,Thursday,16,Failed,Incorrect_UPI_PIN
U0834,2026-02-21 00:06:00,Saturday,0,Success,
U0835,2026-02-28 01:52:00,Saturday,1,Failed,Bank_Timeout
U0836,2026-02-26 10:12:00,Thursday,10,Failed,Bank_Timeout
U0837,2026-02-24 07:11:00,Tuesday,7,Success,
U0838,2026-02-10 07:12:00,Tuesday,7,Success,
U0839,2026-02-05 14:22:00,Thursday,14,Success,
U0840,2026-02-11 04:30:00,Wednesday,4,Failed,VPA_Invalid
U0841,2026-01-05 04:25:00,Monday,4,Success,
U0842,2026-02-03 22:33:00,Tuesday,22,Success,
U0843,2026-02-05 00:16:00,Thursday,0,Success,
U0844,2026-01-29 20:15:00,Thursday,20,Success,
U0845,2026-01-02 15:45:00,Friday,15,Failed,Bank_Timeout
U0846,2026-01-14 19:08:00,Wednesday,19,Success,
U0847,2026-01-01 08:10:00,Thursday,8,Failed,Incorrect_UPI_PIN
U0848,2026-02-14 02:20:00,Saturday,2,Failed,Bank_Timeout
U0849,2026-02-27 22:19:00,Friday,22,Failed,Bank_Timeout
U0850,2026-01-19 19:22:00,Monday,19,Failed,Incorrect_UPI_PIN
U0851,2026-02-16 09:08:00,Monday,9,Failed,Incorrect_UPI_PIN
U0852,2026-01-02 15:22:00,Friday,15,Failed,VPA_Invalid
U0853,2026-01-11 04:51:00,Sunday,4,Failed,Incorrect_UPI_PIN
U0854,2026-02-14 20:57:00,Saturday,20,Success,
U0855,2026-02-20 22:13:00,Friday,22,Success,
U0856,2026-02-26 10:40:00,Thursday,10,Success,
U0857,2026-02-16 19:31:00,Monday,19,Failed,VPA_Invalid
U0858,2026-01-26 02:44:00,Monday,2,Failed,Bank_Timeout
U0859,2026-02-02 15:03:00,Monday,15,Failed,VPA_Invalid
U0860,2026-01-30 00:52:00,Friday,0,Failed,Bank_Timeout
U0861,2026-02-27 00:48:00,Friday,0,Failed,Incorrect_UPI_PIN
U0862,2026-02-11 14:38:00,Wednesday,14,Failed,VPA_Invalid
U0863,2026-02-06 18:31:00,Friday,18,Failed,Bank_Timeout
U0864,2026-01-13 11:42:00,Tuesday,11,Failed,Bank_Timeout
U0865,2026-02-24 01:19:00,Tuesday,1,Success,
U0866,2026-02-05 23:08:00,Thursday,23,Failed,VPA_Invalid
U0867,2026-01-27 11:38:00,Tuesday,11,Success,
U0868,2026-03-01 18:12:00,Sunday,18,Failed,Bank_Timeout
U0869,2026-02-24 12:07:00,Tuesday,12,Failed,Incorrect_UPI_PIN
U0870,2026-02-20 23:33:00,Friday,23,Failed,VPA_Invalid
U0871,2026-01-11 03:55:00,Sunday,3,Failed,VPA_Invalid
U0872,2026-01-19 09:05:00,Monday,9,Failed,Bank_Timeout
U0873,2026-01-06 19:16:00,Tuesday,19,Failed,Bank_Timeout
U0874,2026-02-07 17:14:00,Saturday,17,Success,
U0875,2026-01-13 14:17:00,Tuesday,14,Failed,Incorrect_UPI_PIN
U0876,2026-01-21 07:15:00,Wednesday,7,Success,
U0877,2026-01-24 08:55:00,Saturday,8,Failed,Incorrect_UPI_PIN
U0878,2026-02-05 17:47:00,Thursday,17,Failed,Bank_Timeout
U0879,2026-01-29 21:09:00,Thursday,21,Success,
U0880,2026-01-01 13:48:00,Thursday,13,Failed,Bank_Timeout
U0881,2026-01-17 19:40:00,Saturday,19,Success,
U0882,2026-02-28 01:17:00,Saturday,1,Failed,Bank_Timeout
U0883,2026-01-22 04:08:00,Thursday,4,Success,
U0884,2026-02-27 14:18:00,Friday,14,Success,
U0885,2026-02-22 16:15:00,Sunday,16,Failed,Incorrect_UPI_PIN
U0886,2026-02-26 07:25:00,Thursday,7,Failed,VPA_Invalid
U0887,2026-01-27 20:13:00,Tuesday,20,Failed,Bank_Timeout
U0888,2026-01-17 13:41:00,Saturday,13,Success,
U0889,2026-02-21 23:00:00,Saturday,23,Failed,Bank_Timeout
U0890,2026-02-21 01:37:00,Saturday,1,Failed,VPA_Invalid
U0891,2026-02-14 20:27:00,Saturday,20,Failed,Incorrect_UPI_PIN
U0892,2026-02-01 07:33:00,Sunday,7,Failed,VPA_Invalid
U0893,2026-01-08 17:03:00,Thursday,17,Success,
U0894,2026-01-14 20:44:00,Wednesday,20,Success,
U0895,2026-01-29 09:10:00,Thursday,9,Failed,Bank_Timeout
U0896,2026-01-04 17:40:00,Sunday,17,Success,
U0897,2026-01-15 07:09:00,Thursday,7,Failed,Incorrect_UPI_PIN
U0898,2026-02-08 20:26:00,Sunday,20,Success,
U0899,2026-01-26 12:32:00,Monday,12,Success,
U0900,2026-01-14 12:54:00,Wednesday,12,Success,
U0901,2026-02-26 19:47:00,Thursday,19,Success,
U0902,2026-01-20 21:48:00,Tuesday,21,Failed,Bank_Timeout
U0903,2026-02-17 19:35:00,Tuesday,19,Success,
U0904,2026-01-08 05:11:00,Thursday,5,Failed,Incorrect_UPI_PIN
U0905,2026-02-17 20:59:00,Tuesday,20,Success,
U0906,2026-01-24 01:50:00,Saturday,1,Failed,Bank_Timeout
U0907,2026-01-31 06:19:00,Saturday,6,Success,
U0908,2026-01-30 15:16:00,Friday,15,Failed,VPA_Invalid
U0909,2026-02-24 14:08:00,Tuesday,14,Failed,VPA_Invalid
U0910,2026-02-08 11:50:00,Sunday,11,Failed,VPA_Invalid
U0911,2026-02-13 16:22:00,Friday,16,Failed,VPA_Invalid
U0912,2026-01-14 21:23:00,Wednesday,21,Success,
U0913,2026-02-18 12:10:00,Wednesday,12,Failed,Incorrect_UPI_PIN
U0914,2026-01-17 23:38:00,Saturday,23,Success,
U0915,2026-01-13 07:43:00,Tuesday,7,Failed,VPA_Invalid
U0916,2026-02-24 16:25:00,Tuesday,16,Failed,Bank_Timeout
U0917,2026-01-22 05:38:00,Thursday,5,Failed,Incorrect_UPI_PIN
U0918,2026-01-13 18:31:00,Tuesday,18,Failed,Bank_Timeout
U0919,2026-01-28 12:28:00,Wednesday,12,Failed,Bank_Timeout
U0920,2026-01-15 02:31:00,Thursday,2,Failed,Incorrect_UPI_PIN
U0921,2026-01-14 16:26:00,Wednesday,16,Failed,Incorrect_UPI_PIN
U0922,2026-02-20 22:30:00,Friday,22,Success,
U0923,2026-01-22 12:42:00,Thursday,12,Failed,VPA_Invalid
U0924,2026-02-05 13:39:00,Thursday,13,Success,
U0925,2026-01-12 01:04:00,Monday,1,Failed,Bank_Timeout
U0926,2026-01-06 09:59:00,Tuesday,9,Success,
U0927,2026-01-11 23:23:00,Sunday,23,Success,
U0928,2026-02-13 07:44:00,Friday,7,Failed,Bank_Timeout
U0929,2026-01-13 17:25:00,Tuesday,17,Success,
U0930,2026-01-04 13:42:00,Sunday,13,Success,
U0931,2026-01-02 12:49:00,Friday,12,Failed,VPA_Invalid
U0932,2026-01-17 16:00:00,Saturday,16,Success,
U0933,2026-02-01 07:44:00,Sunday,7,Failed,VPA_Invalid
U0934,2026-02-06 09:05:00,Friday,9,Success,
U0935,2026-02-11 09:00:00,Wednesday,9,Failed,Bank_Timeout
U0936,2026-02-24 12:22:00,Tuesday,12,Failed,Incorrect_UPI_PIN
U0937,2026-01-06 13:33:00,Tuesday,13,Failed,Incorrect_UPI_PIN
U0938,2026-01-18 04:37:00,Sunday,4,Success,
U0939,2026-01-17 07:46:00,Saturday,7,Failed,Bank_Timeout
U0940,2026-01-24 14:13:00,Saturday,14,Success,
U0941,2026-02-27 18:51:00,Friday,18,Failed,Incorrect_UPI_PIN
U0942,2026-01-25 19:28:00,Sunday,19,Success,
U0943,2026-02-24 13:07:00,Tuesday,13,Failed,VPA_Invalid
U0944,2026-02-12 11:38:00,Thursday,11,Success,
U0945,2026-02-03 14:17:00,Tuesday,14,Failed,VPA_Invalid
U0946,2026-01-13 11:49:00,Tuesday,11,Success,
U0947,2026-01-25 15:39:00,Sunday,15,Success,
U0948,2026-02-16 09:53:00,Monday,9,Failed,Bank_Timeout
U0949,2026-01-05 15:08:00,Monday,15,Failed,VPA_Invalid
U0950,2026-02-15 14:16:00,Sunday,14,Failed,Bank_Timeout
U0951,2026-02-08 11:04:00,Sunday,11,Success,
U0952,2026-02-10 12:15:00,Tuesday,12,Success,
U0953,2026-02-10 00:41:00,Tuesday,0,Failed,Bank_Timeout
U0954,2026-02-20 11:05:00,Friday,11,Success,
U0955,2026-01-26 17:14:00,Monday,17,Failed,VPA_Invalid
U0956,2026-02-01 13:13:00,Sunday,13,Failed,VPA_Invalid
U0957,2026-02-18 23:03:00,Wednesday,23,Failed,Bank_Timeout
U0958,2026-01-22 01:27:00,Thursday,1,Failed,VPA_Invalid
U0959,2026-01-16 00:39:00,Friday,0,Success,
U0960,2026-01-15 12:41:00,Thursday,12,Failed,Incorrect_UPI_PIN
U0961,2026-01-14 09:33:00,Wednesday,9,Failed,Bank_Timeout
U0962,2026-02-22 14:01:00,Sunday,14,Failed,Incorrect_UPI_PIN
U0963,2026-02-01 22:48:00,Sunday,22,Failed,Bank_Timeout
U0964,2026-02-02 17:49:00,Monday,17,Success,
U0965,2026-02-13 03:58:00,Friday,3,Failed,Bank_Timeout
U0966,2026-02-01 06:04:00,Sunday,6,Failed,Bank_Timeout
U0967,2026-01-18 04:45:00,Sunday,4,Failed,Bank_Timeout
U0968,2026-01-02 16:39:00,Friday,16,Failed,VPA_Invalid
U0969,2026-02-10 21:34:00,Tuesday,21,Success,
U0970,2026-02-25 14:20:00,Wednesday,14,Success,
U0971,2026-01-14 18:37:00,Wednesday,18,Success,
U0972,2026-01-01 20:25:00,Thursday,20,Failed,Incorrect_UPI_PIN
U0973,2026-02-23 07:23:00,Monday,7,Failed,Incorrect_UPI_PIN
U0974,2026-01-04 21:33:00,Sunday,21,Failed,Incorrect_UPI_PIN
U0975,2026-01-06 04:13:00,Tuesday,4,Success,
U0976,2026-02-13 03:19:00,Friday,3,Failed,VPA_Invalid
U0977,2026-02-18 11:40:00,Wednesday,11,Success,
U0978,2026-02-19 01:27:00,Thursday,1,Success,
U0979,2026-02-15 02:03:00,Sunday,2,Success,
U0980,2026-02-26 00:23:00,Thursday,0,Failed,Incorrect_UPI_PIN
U0981,2026-02-15 13:04:00,Sunday,13,Success,
U0982,2026-02-21 10:13:00,Saturday,10,Failed,VPA_Invalid
U0983,2026-02-18 12:14:00,Wednesday,12,Success,
U0984,2026-02-17 06:52:00,Tuesday,6,Success,
U0985,2026-01-18 05:48:00,Sunday,5,Failed,VPA_Invalid
U0986,2026-01-01 08:12:00,Thursday,8,Failed,Incorrect_UPI_PIN
U0987,2026-01-16 12:41:00,Friday,12,Success,
U0988,2026-02-01 20:53:00,Sunday,20,Success,
U0989,2026-01-18 00:57:00,Sunday,0,Success,
U0990,2026-02-23 22:18:00,Monday,22,Success,
U0991,2026-01-18 03:32:00,Sunday,3,Success,
U0992,2026-01-14 10:58:00,Wednesday,10,Failed,Incorrect_UPI_PIN
U0993,2026-01-24 04:51:00,Saturday,4,Failed,VPA_Invalid
U0994,2026-02-15 01:08:00,Sunday,1,Success,
U0995,2026-01-24 22:15:00,Saturday,22,Success,
U0996,2026-02-19 01:08:00,Thursday,1,Failed,Bank_Timeout
U0997,2026-01-25 04:25:00,Sunday,4,Success,
U0998,2026-01-26 01:33:00,Monday,1,Success,
U0999,2026-03-01 00:37:00,Sunday,0,Failed,Incorrect_UPI_PIN
U1000,2026-02-07 01:27:00,Saturday,1,Failed,Incorrect_UPI_PIN
U1001,2026-01-08 13:10:00,Thursday,13,Failed,Bank_Timeout
U1002,2026-02-17 14:15:00,Tuesday,14,Failed,VPA_Invalid
U1003,2026-01-20 20:00:00,Tuesday,20,Failed,Bank_Timeout
U1004,2026-01-11 22:22:00,Sunday,22,Failed,Bank_Timeout
U1005,2026-02-13 19:26:00,Friday,19,Failed,VPA_Invalid
U1006,2026-01-11 04:22:00,Sunday,4,Failed,VPA_Invalid
U1007,2026-02-18 11:33:00,Wednesday,11,Failed,VPA_Invalid
U1008,2026-02-18 11:32:00,Wednesday,11,Failed,Bank_Timeout
U1009,2026-02-08 19:10:00,Sunday,19,Success,
U1010,2026-02-04 22:01:00,Wednesday,22,Success,
U1011,2026-02-18 09:29:00,Wednesday,9,Success,
U1012,2026-02-01 03:28:00,Sunday,3,Success,
U1013,2026-01-27 09:08:00,Tuesday,9,Success,
U1014,2026-01-03 06:22:00,Saturday,6,Success,
U1015,2026-02-22 03:18:00,Sunday,3,Failed,Bank_Timeout
U1016,2026-02-04 16:12:00,Wednesday,16,Failed,Incorrect_UPI_PIN
U1017,2026-02-24 23:11:00,Tuesday,23,Failed,Bank_Timeout
U1018,2026-01-11 12:46:00,Sunday,12,Failed,Bank_Timeout
U1019,2026-01-11 22:59:00,Sunday,22,Success,
U1020,2026-01-26 16:15:00,Monday,16,Success,
U1021,2026-01-02 09:21:00,Friday,9,Failed,Bank_Timeout
U1022,2026-01-24 23:10:00,Saturday,23,Failed,VPA_Invalid
U1023,2026-01-07 09:25:00,Wednesday,9,Failed,Bank_Timeout
U1024,2026-02-27 09:02:00,Friday,9,Failed,Bank_Timeout
U1025,2026-02-28 01:15:00,Saturday,1,Failed,VPA_Invalid
U1026,2026-01-29 16:40:00,Thursday,16,Failed,Incorrect_UPI_PIN
U1027,2026-02-24 18:13:00,Tuesday,18,Success,
U1028,2026-02-21 20:32:00,Saturday,20,Success,
U1029,2026-01-18 21:43:00,Sunday,21,Success,
U1030,2026-02-17 19:32:00,Tuesday,19,Success,
U1031,2026-01-17 19:07:00,Saturday,19,Success,
U1032,2026-02-17 07:57:00,Tuesday,7,Failed,Incorrect_UPI_PIN
U1033,2026-01-27 12:09:00,Tuesday,12,Success,
U1034,2026-01-29 23:04:00,Thursday,23,Failed,VPA_Invalid
U1035,2026-02-06 09:07:00,Friday,9,Success,
U1036,2026-01-17 02:55:00,Saturday,2,Failed,VPA_Invalid
U1037,2026-01-02 15:52:00,Friday,15,Failed,Incorrect_UPI_PIN
U1038,2026-01-20 21:16:00,Tuesday,21,Success,
U1039,2026-01-09 14:46:00,Friday,14,Success,
U1040,2026-02-10 06:54:00,Tuesday,6,Failed,Incorrect_UPI_PIN
U1041,2026-02-24 01:03:00,Tuesday,1,Failed,VPA_Invalid
U1042,2026-02-10 21:02:00,Tuesday,21,Success,
U1043,2026-01-06 15:09:00,Tuesday,15,Failed,Incorrect_UPI_PIN
U1044,2026-01-11 15:57:00,Sunday,15,Failed,VPA_Invalid
U1045,2026-01-07 16:49:00,Wednesday,16,Failed,VPA_Invalid
U1046,2026-01-25 19:51:00,Sunday,19,Failed,Incorrect_UPI_PIN
U1047,2026-01-10 20:08:00,Saturday,20,Success,
U1048,2026-02-03 01:31:00,Tuesday,1,Success,
U1049,2026-01-25 04:59:00,Sunday,4,Success,
U1050,2026-02-11 09:43:00,Wednesday,9,Failed,Incorrect_UPI_PIN
U1051,2026-01-28 11:04:00,Wednesday,11,Failed,Bank_Timeout
U1052,2026-02-23 19:34:00,Monday,19,Success,
U1053,2026-01-07 04:58:00,Wednesday,4,Failed,VPA_Invalid
U1054,2026-01-06 19:52:00,Tuesday,19,Success,
U1055,2026-02-09 03:16:00,Monday,3,Failed,Bank_Timeout
U1056,2026-01-14 05:18:00,Wednesday,5,Failed,VPA_Invalid
U1057,2026-02-11 22:36:00,Wednesday,22,Failed,Bank_Timeout
U1058,2026-02-14 19:46:00,Saturday,19,Failed,Bank_Timeout
U1059,2026-01-02 07:42:00,Friday,7,Failed,Incorrect_UPI_PIN
U1060,2026-01-22 18:07:00,Thursday,18,Failed,Incorrect_UPI_PIN
U1061,2026-02-03 02:56:00,Tuesday,2,Failed,Incorrect_UPI_PIN
U1062,2026-02-18 09:55:00,Wednesday,9,Success,
U1063,2026-02-07 21:59:00,Saturday,21,Success,
U1064,2026-01-28 02:21:00,Wednesday,2,Success,
U1065,2026-01-07 06:31:00,Wednesday,6,Success,
U1066,2026-01-30 17:27:00,Friday,17,Failed,Bank_Timeout
U1067,2026-02-08 05:44:00,Sunday,5,Failed,Incorrect_UPI_PIN
U1068,2026-01-25 15:21:00,Sunday,15,Failed,Incorrect_UPI_PIN
U1069,2026-01-22 18:01:00,Thursday,18,Failed,Bank_Timeout
U1070,2026-01-24 01:36:00,Saturday,1,Failed,Incorrect_UPI_PIN
U1071,2026-01-06 17:15:00,Tuesday,17,Failed,Incorrect_UPI_PIN
U1072,2026-02-24 19:50:00,Tuesday,19,Success,
U1073,2026-01-04 11:55:00,Sunday,11,Failed,Incorrect_UPI_PIN
U1074,2026-01-28 16:33:00,Wednesday,16,Failed,Bank_Timeout
U1075,2026-01-24 23:31:00,Saturday,23,Failed,VPA_Invalid
U1076,2026-01-31 20:06:00,Saturday,20,Success,
U1077,2026-02-22 22:56:00,Sunday,22,Success,
U1078,2026-01-12 04:37:00,Monday,4,Failed,VPA_Invalid
U1079,2026-01-24 18:19:00,Saturday,18,Failed,Incorrect_UPI_PIN
U1080,2026-01-23 05:58:00,Friday,5,Failed,VPA_Invalid
U1081,2026-02-06 15:28:00,Friday,15,Failed,VPA_Invalid
U1082,2026-01-16 22:26:00,Friday,22,Failed,Incorrect_UPI_PIN
U1083,2026-02-12 18:34:00,Thursday,18,Failed,Bank_Timeout
U1084,2026-02-08 00:14:00,Sunday,0,Failed,Incorrect_UPI_PIN
U1085,2026-01-25 02:20:00,Sunday,2,Success,
U1086,2026-01-16 20:29:00,Friday,20,Failed,VPA_Invalid
U1087,2026-02-04 12:20:00,Wednesday,12,Failed,VPA_Invalid
U1088,2026-02-25 05:17:00,Wednesday,5,Failed,VPA_Invalid
U1089,2026-02-23 16:22:00,Monday,16,Success,
U1090,2026-01-02 08:32:00,Friday,8,Failed,Incorrect_UPI_PIN
U1091,2026-02-17 05:05:00,Tuesday,5,Failed,VPA_Invalid
U1092,2026-01-24 14:50:00,Saturday,14,Success,
U1093,2026-01-17 02:48:00,Saturday,2,Failed,Incorrect_UPI_PIN
U1094,2026-02-03 02:07:00,Tuesday,2,Failed,VPA_Invalid
U1095,2026-01-26 11:45:00,Monday,11,Failed,Incorrect_UPI_PIN
U1096,2026-01-17 23:18:00,Saturday,23,Success,
U1097,2026-02-15 00:25:00,Sunday,0,Success,
U1098,2026-02-06 01:33:00,Friday,1,Success,
U1099,2026-02-14 01:35:00,Saturday,1,Failed,Incorrect_UPI_PIN
U1100,2026-01-07 07:27:00,Wednesday,7,Success,
U1101,2026-01-08 01:57:00,Thursday,1,Failed,Incorrect_UPI_PIN
U1102,2026-01-13 13:56:00,Tuesday,13,Success,
U1103,2026-01-18 21:20:00,Sunday,21,Success,
U1104,2026-03-01 14:09:00,Sunday,14,Failed,Incorrect_UPI_PIN
U1105,2026-02-19 11:41:00,Thursday,11,Failed,Incorrect_UPI_PIN
U1106,2026-01-19 11:00:00,Monday,11,Success,
U1107,2026-01-27 01:02:00,Tuesday,1,Failed,Bank_Timeout
U1108,2026-02-14 20:28:00,Saturday,20,Success,
U1109,2026-01-04 15:45:00,Sunday,15,Failed,Incorrect_UPI_PIN
U1110,2026-02-10 21:12:00,Tuesday,21,Failed,Bank_Timeout
U1111,2026-01-27 19:57:00,Tuesday,19,Failed,Incorrect_UPI_PIN
U1112,2026-02-25 14:37:00,Wednesday,14,Failed,Incorrect_UPI_PIN
U1113,2026-01-22 16:15:00,Thursday,16,Success,
U1114,2026-01-20 01:24:00,Tuesday,1,Failed,Bank_Timeout
U1115,2026-02-22 12:07:00,Sunday,12,Failed,Bank_Timeout
U1116,2026-02-20 13:29:00,Friday,13,Failed,Incorrect_UPI_PIN
U1117,2026-01-27 22:35:00,Tuesday,22,Success,
U1118,2026-01-12 16:14:00,Monday,16,Success,
U1119,2026-01-06 14:53:00,Tuesday,14,Failed,Incorrect_UPI_PIN
U1120,2026-02-06 11:15:00,Friday,11,Success,
U1121,2026-02-11 06:30:00,Wednesday,6,Failed,VPA_Invalid
U1122,2026-02-06 02:18:00,Friday,2,Success,
U1123,2026-02-04 06:51:00,Wednesday,6,Success,
U1124,2026-01-31 17:06:00,Saturday,17,Failed,VPA_Invalid
U1125,2026-01-02 15:03:00,Friday,15,Failed,Incorrect_UPI_PIN
U1126,2026-01-21 11:53:00,Wednesday,11,Failed,Incorrect_UPI_PIN
U1127,2026-02-10 14:44:00,Tuesday,14,Success,
U1128,2026-02-28 15:24:00,Saturday,15,Success,
U1129,2026-02-10 03:01:00,Tuesday,3,Failed,VPA_Invalid
U1130,2026-02-22 20:52:00,Sunday,20,Failed,Bank_Timeout
U1131,2026-02-17 22:56:00,Tuesday,22,Failed,Incorrect_UPI_PIN
U1132,2026-01-11 21:21:00,Sunday,21,Failed,Incorrect_UPI_PIN
U1133,2026-02-02 19:23:00,Monday,19,Failed,Incorrect_UPI_PIN
U1134,2026-01-20 09:11:00,Tuesday,9,Failed,VPA_Invalid
U1135,2026-02-28 12:20:00,Saturday,12,Failed,Incorrect_UPI_PIN
U1136,2026-01-27 13:26:00,Tuesday,13,Failed,VPA_Invalid
U1137,2026-02-24 13:38:00,Tuesday,13,Success,
U1138,2026-01-28 19:42:00,Wednesday,19,Success,
U1139,2026-01-04 11:30:00,Sunday,11,Failed,VPA_Invalid
U1140,2026-01-28 06:24:00,Wednesday,6,Success,
U1141,2026-02-17 23:18:00,Tuesday,23,Success,
U1142,2026-02-08 11:21:00,Sunday,11,Success,
U1143,2026-01-07 23:53:00,Wednesday,23,Failed,VPA_Invalid
U1144,2026-02-16 13:05:00,Monday,13,Success,
U1145,2026-01-14 23:59:00,Wednesday,23,Success,
U1146,2026-02-11 12:34:00,Wednesday,12,Failed,Incorrect_UPI_PIN
U1147,2026-01-20 20:33:00,Tuesday,20,Failed,Bank_Timeout
U1148,2026-02-02 18:07:00,Monday,18,Success,
U1149,2026-01-15 12:36:00,Thursday,12,Success,
U1150,2026-01-29 14:28:00,Thursday,14,Success,
U1151,2026-02-14 00:22:00,Saturday,0,Success,
U1152,2026-01-11 20:30:00,Sunday,20,Success,
U1153,2026-01-03 21:54:00,Saturday,21,Success,
U1154,2026-01-02 20:05:00,Friday,20,Success,
U1155,2026-02-24 04:55:00,Tuesday,4,Success,
U1156,2026-01-27 00:51:00,Tuesday,0,Success,
U1157,2026-01-08 12:39:00,Thursday,12,Success,
U1158,2026-01-08 09:33:00,Thursday,9,Failed,Incorrect_UPI_PIN
U1159,2026-02-19 21:07:00,Thursday,21,Success,
U1160,2026-01-11 20:19:00,Sunday,20,Success,
U1161,2026-02-06 16:38:00,Friday,16,Failed,Bank_Timeout
U1162,2026-02-28 15:19:00,Saturday,15,Success,
U1163,2026-02-26 16:00:00,Thursday,16,Success,
U1164,2026-01-27 05:53:00,Tuesday,5,Success,
U1165,2026-01-21 02:15:00,Wednesday,2,Failed,VPA_Invalid
U1166,2026-02-12 02:16:00,Thursday,2,Failed,VPA_Invalid
U1167,2026-01-20 17:42:00,Tuesday,17,Failed,VPA_Invalid
U1168,2026-02-01 21:05:00,Sunday,21,Success,
U1169,2026-01-10 15:21:00,Saturday,15,Success,
U1170,2026-02-23 06:44:00,Monday,6,Failed,Incorrect_UPI_PIN
U1171,2026-01-15 21:31:00,Thursday,21,Success,
U1172,2026-02-23 01:29:00,Monday,1,Success,
U1173,2026-02-01 11:46:00,Sunday,11,Success,
U1174,2026-01-29 02:57:00,Thursday,2,Success,
U1175,2026-02-01 02:02:00,Sunday,2,Success,
U1176,2026-02-06 03:31:00,Friday,3,Success,
U1177,2026-02-21 06:36:00,Saturday,6,Failed,Bank_Timeout
U1178,2026-02-28 19:13:00,Saturday,19,Success,
U1179,2026-01-19 03:01:00,Monday,3,Success,
U1180,2026-01-13 14:11:00,Tuesday,14,Success,
U1181,2026-01-11 20:29:00,Sunday,20,Success,
U1182,2026-01-18 23:48:00,Sunday,23,Failed,VPA_Invalid
U1183,2026-02-08 05:16:00,Sunday,5,Success,
U1184,2026-01-04 14:50:00,Sunday,14,Success,
U1185,2026-02-02 09:30:00,Monday,9,Success,
U1186,2026-02-04 04:32:00,Wednesday,4,Failed,Incorrect_UPI_PIN
U1187,2026-01-11 21:17:00,Sunday,21,Success,
U1188,2026-02-22 18:03:00,Sunday,18,Success,
U1189,2026-02-27 22:12:00,Friday,22,Success,
U1190,2026-01-25 15:06:00,Sunday,15,Success,
U1191,2026-01-18 23:07:00,Sunday,23,Success,
U1192,2026-02-24 23:54:00,Tuesday,23,Success,
U1193,2026-02-13 01:15:00,Friday,1,Failed,Bank_Timeout
U1194,2026-01-20 00:33:00,Tuesday,0,Failed,Incorrect_UPI_PIN
U1195,2026-01-07 03:47:00,Wednesday,3,Success,
U1196,2026-02-11 06:55:00,Wednesday,6,Success,
U1197,2026-02-05 02:47:00,Thursday,2,Success,
U1198,2026-02-15 01:33:00,Sunday,1,Failed,Incorrect_UPI_PIN
U1199,2026-01-08 03:41:00,Thursday,3,Success,
U1200,2026-01-10 08:08:00,Saturday,8,Failed,Incorrect_UPI_PIN
U1201,2026-01-02 05:25:00,Friday,5,Success,
U1202,2026-02-14 08:19:00,Saturday,8,Failed,VPA_Invalid
U1203,2026-02-25 02:37:00,Wednesday,2,Success,
U1204,2026-01-22 14:43:00,Thursday,14,Success,
U1205,2026-02-11 10:12:00,Wednesday,10,Success,
U1206,2026-02-27 20:35:00,Friday,20,Failed,Incorrect_UPI_PIN
U1207,2026-02-06 11:36:00,Friday,11,Failed,VPA_Invalid
U1208,2026-02-24 08:44:00,Tuesday,8,Success,
U1209,2026-02-04 19:05:00,Wednesday,19,Failed,Bank_Timeout
U1210,2026-01-17 21:58:00,Saturday,21,Failed,VPA_Invalid
U1211,2026-01-22 17:10:00,Thursday,17,Failed,Incorrect_UPI_PIN
U1212,2026-01-22 17:47:00,Thursday,17,Failed,Bank_Timeout
U1213,2026-02-08 09:11:00,Sunday,9,Failed,VPA_Invalid
U1214,2026-02-23 11:10:00,Monday,11,Failed,VPA_Invalid
U1215,2026-01-23 20:33:00,Friday,20,Success,
U1216,2026-02-14 14:39:00,Saturday,14,Failed,VPA_Invalid
U1217,2026-02-12 23:32:00,Thursday,23,Success,
U1218,2026-01-28 04:01:00,Wednesday,4,Success,
U1219,2026-01-05 07:36:00,Monday,7,Failed,Bank_Timeout
U1220,2026-02-12 11:34:00,Thursday,11,Success,
U1221,2026-02-14 02:26:00,Saturday,2,Failed,Bank_Timeout
U1222,2026-02-07 12:49:00,Saturday,12,Failed,Bank_Timeout
U1223,2026-02-13 01:21:00,Friday,1,Failed,Bank_Timeout
U1224,2026-02-01 15:27:00,Sunday,15,Success,
U1225,2026-02-28 17:56:00,Saturday,17,Success,
U1226,2026-02-09 03:24:00,Monday,3,Failed,Bank_Timeout
U1227,2026-02-07 06:34:00,Saturday,6,Success,
U1228,2026-01-28 04:35:00,Wednesday,4,Failed,VPA_Invalid
U1229,2026-02-22 08:03:00,Sunday,8,Failed,Bank_Timeout
U1230,2026-01-30 06:33:00,Friday,6,Failed,VPA_Invalid
U1231,2026-01-25 04:39:00,Sunday,4,Failed,Incorrect_UPI_PIN
U1232,2026-01-22 17:51:00,Thursday,17,Failed,Bank_Timeout
U1233,2026-02-04 09:24:00,Wednesday,9,Failed,Incorrect_UPI_PIN
U1234,2026-01-17 18:52:00,Saturday,18,Success,
U1235,2026-02-06 04:58:00,Friday,4,Success,
U1236,2026-01-29 21:59:00,Thursday,21,Success,
U1237,2026-02-04 09:11:00,Wednesday,9,Failed,Bank_Timeout
U1238,2026-01-29 04:53:00,Thursday,4,Success,
U1239,2026-02-27 20:39:00,Friday,20,Failed,Bank_Timeout
U1240,2026-01-05 22:18:00,Monday,22,Success,
U1241,2026-02-27 23:32:00,Friday,23,Failed,Bank_Timeout
U1242,2026-02-19 03:03:00,Thursday,3,Failed,Incorrect_UPI_PIN
U1243,2026-01-13 22:36:00,Tuesday,22,Failed,Incorrect_UPI_PIN
U1244,2026-01-23 01:12:00,Friday,1,Success,
U1245,2026-01-18 06:43:00,Sunday,6,Failed,Incorrect_UPI_PIN
U1246,2026-02-13 23:58:00,Friday,23,Failed,VPA_Invalid
U1247,2026-01-26 11:45:00,Monday,11,Success,
U1248,2026-01-09 19:18:00,Friday,19,Failed,Bank_Timeout
U1249,2026-01-08 02:11:00,Thursday,2,Failed,VPA_Invalid
U1250,2026-01-12 22:58:00,Monday,22,Failed,Bank_Timeout
U1251,2026-02-17 11:34:00,Tuesday,11,Success,
U1252,2026-02-13 09:40:00,Friday,9,Failed,Bank_Timeout
U1253,2026-01-24 09:42:00,Saturday,9,Success,
U1254,2026-01-02 20:55:00,Friday,20,Success,
U1255,2026-01-23 22:49:00,Friday,22,Success,
U1256,2026-02-20 23:25:00,Friday,23,Failed,Bank_Timeout
U1257,2026-01-24 04:43:00,Saturday,4,Failed,Incorrect_UPI_PIN
U1258,2026-02-26 18:54:00,Thursday,18,Success,
U1259,2026-02-01 16:28:00,Sunday,16,Failed,Bank_Timeout
U1260,2026-02-18 06:12:00,Wednesday,6,Failed,Bank_Timeout
U1261,2026-02-02 06:44:00,Monday,6,Failed,Incorrect_UPI_PIN
U1262,2026-01-31 19:34:00,Saturday,19,Failed,VPA_Invalid
U1263,2026-01-16 08:35:00,Friday,8,Success,
U1264,2026-01-30 08:38:00,Friday,8,Failed,VPA_Invalid
U1265,2026-02-10 11:14:00,Tuesday,11,Failed,Bank_Timeout
U1266,2026-02-25 16:26:00,Wednesday,16,Success,
U1267,2026-02-03 17:32:00,Tuesday,17,Failed,VPA_Invalid
U1268,2026-01-14 13:19:00,Wednesday,13,Success,
U1269,2026-01-27 11:55:00,Tuesday,11,Success,
U1270,2026-02-01 21:17:00,Sunday,21,Failed,Incorrect_UPI_PIN
U1271,2026-02-14 17:07:00,Saturday,17,Failed,VPA_Invalid
U1272,2026-02-19 02:25:00,Thursday,2,Failed,VPA_Invalid
U1273,2026-01-13 16:30:00,Tuesday,16,Success,
U1274,2026-01-30 14:31:00,Friday,14,Failed,Incorrect_UPI_PIN
U1275,2026-01-23 06:10:00,Friday,6,Success,
U1276,2026-01-12 06:49:00,Monday,6,Failed,VPA_Invalid
U1277,2026-02-16 01:44:00,Monday,1,Success,
U1278,2026-01-25 06:22:00,Sunday,6,Failed,VPA_Invalid
U1279,2026-01-24 00:54:00,Saturday,0,Success,
U1280,2026-01-23 12:28:00,Friday,12,Failed,Incorrect_UPI_PIN
U1281,2026-01-19 13:19:00,Monday,13,Failed,Incorrect_UPI_PIN
U1282,2026-02-20 08:58:00,Friday,8,Failed,Incorrect_UPI_PIN
U1283,2026-02-25 04:43:00,Wednesday,4,Failed,Bank_Timeout
U1284,2026-02-06 15:58:00,Friday,15,Failed,Bank_Timeout
U1285,2026-01-24 04:53:00,Saturday,4,Failed,Incorrect_UPI_PIN
U1286,2026-02-16 13:22:00,Monday,13,Success,
U1287,2026-02-06 06:20:00,Friday,6,Success,
U1288,2026-02-10 10:36:00,Tuesday,10,Success,
U1289,2026-02-22 01:06:00,Sunday,1,Success,
U1290,2026-02-14 16:28:00,Saturday,16,Success,
U1291,2026-01-16 17:00:00,Friday,17,Failed,Bank_Timeout
U1292,2026-01-24 23:14:00,Saturday,23,Failed,VPA_Invalid
U1293,2026-02-16 04:02:00,Monday,4,Failed,Bank_Timeout
U1294,2026-02-11 13:56:00,Wednesday,13,Success,
U1295,2026-01-03 00:15:00,Saturday,0,Success,
U1296,2026-01-30 20:39:00,Friday,20,Failed,Bank_Timeout
U1297,2026-01-08 04:43:00,Thursday,4,Failed,Bank_Timeout
U1298,2026-01-22 05:20:00,Thursday,5,Failed,Incorrect_UPI_PIN
U1299,2026-01-14 07:36:00,Wednesday,7,Failed,Bank_Timeout
U1300,2026-02-10 21:28:00,Tuesday,21,Success,
U1301,2026-02-15 12:01:00,Sunday,12,Failed,Incorrect_UPI_PIN
U1302,2026-01-27 15:42:00,Tuesday,15,Failed,Incorrect_UPI_PIN
U1303,2026-01-23 16:30:00,Friday,16,Failed,Incorrect_UPI_PIN
U1304,2026-01-29 03:06:00,Thursday,3,Failed,VPA_Invalid
U1305,2026-01-12 21:12:00,Monday,21,Success,
U1306,2026-02-01 13:23:00,Sunday,13,Failed,Bank_Timeout
U1307,2026-02-10 20:48:00,Tuesday,20,Failed,Bank_Timeout
U1308,2026-02-01 03:14:00,Sunday,3,Failed,Incorrect_UPI_PIN
U1309,2026-02-04 11:32:00,Wednesday,11,Success,
U1310,2026-01-01 16:51:00,Thursday,16,Success,
U1311,2026-01-23 20:44:00,Friday,20,Success,
U1312,2026-02-17 00:19:00,Tuesday,0,Failed,VPA_Invalid
U1313,2026-01-22 04:33:00,Thursday,4,Success,
U1314,2026-02-08 01:54:00,Sunday,1,Success,
U1315,2026-02-13 12:28:00,Friday,12,Success,
U1316,2026-02-04 11:21:00,Wednesday,11,Failed,Incorrect_UPI_PIN
U1317,2026-02-01 22:17:00,Sunday,22,Failed,VPA_Invalid
U1318,2026-01-15 12:52:00,Thursday,12,Failed,Incorrect_UPI_PIN
U1319,2026-02-16 11:20:00,Monday,11,Success,
U1320,2026-01-12 04:40:00,Monday,4,Success,
U1321,2026-01-25 03:17:00,Sunday,3,Success,
U1322,2026-01-02 09:32:00,Friday,9,Failed,VPA_Invalid
U1323,2026-02-25 20:55:00,Wednesday,20,Success,
U1324,2026-01-27 19:18:00,Tuesday,19,Success,
U1325,2026-01-27 16:10:00,Tuesday,16,Failed,Bank_Timeout
U1326,2026-02-15 03:23:00,Sunday,3,Failed,Bank_Timeout
U1327,2026-01-19 08:56:00,Monday,8,Failed,Incorrect_UPI_PIN
U1328,2026-02-10 06:34:00,Tuesday,6,Success,
U1329,2026-01-31 18:12:00,Saturday,18,Failed,Bank_Timeout
U1330,2026-01-01 09:21:00,Thursday,9,Failed,Incorrect_UPI_PIN
U1331,2026-01-07 09:47:00,Wednesday,9,Failed,Incorrect_UPI_PIN
U1332,2026-01-19 18:06:00,Monday,18,Failed,Incorrect_UPI_PIN
U1333,2026-02-15 20:04:00,Sunday,20,Failed,Incorrect_UPI_PIN
U1334,2026-01-07 05:45:00,Wednesday,5,Failed,VPA_Invalid
U1335,2026-02-20 23:31:00,Friday,23,Success,
U1336,2026-02-05 18:58:00,Thursday,18,Success,
U1337,2026-02-05 22:54:00,Thursday,22,Success,
U1338,2026-01-25 19:12:00,Sunday,19,Success,
U1339,2026-01-11 09:58:00,Sunday,9,Failed,Bank_Timeout
U1340,2026-01-06 17:24:00,Tuesday,17,Failed,Incorrect_UPI_PIN
U1341,2026-01-20 21:13:00,Tuesday,21,Failed,Incorrect_UPI_PIN
U1342,2026-01-31 05:52:00,Saturday,5,Success,
U1343,2026-02-26 06:23:00,Thursday,6,Failed,Incorrect_UPI_PIN
U1344,2026-01-06 16:11:00,Tuesday,16,Success,
U1345,2026-02-15 20:24:00,Sunday,20,Failed,VPA_Invalid
U1346,2026-01-27 03:56:00,Tuesday,3,Success,
U1347,2026-02-14 21:29:00,Saturday,21,Success,
U1348,2026-01-02 17:35:00,Friday,17,Success,
U1349,2026-01-04 22:29:00,Sunday,22,Success,
U1350,2026-01-12 11:22:00,Monday,11,Failed,Incorrect_UPI_PIN
U1351,2026-02-09 11:59:00,Monday,11,Failed,Incorrect_UPI_PIN
U1352,2026-01-26 07:49:00,Monday,7,Failed,Bank_Timeout
U1353,2026-01-15 02:59:00,Thursday,2,Success,
U1354,2026-01-06 05:45:00,Tuesday,5,Failed,Incorrect_UPI_PIN
U1355,2026-01-29 11:39:00,Thursday,11,Failed,VPA_Invalid
U1356,2026-02-09 11:09:00,Monday,11,Failed,Bank_Timeout
U1357,2026-02-01 00:18:00,Sunday,0,Failed,VPA_Invalid
U1358,2026-02-10 08:03:00,Tuesday,8,Success,
U1359,2026-02-16 19:13:00,Monday,19,Failed,Incorrect_UPI_PIN
U1360,2026-01-20 01:34:00,Tuesday,1,Failed,Incorrect_UPI_PIN
U1361,2026-01-15 04:46:00,Thursday,4,Success,
U1362,2026-02-07 23:40:00,Saturday,23,Failed,VPA_Invalid
U1363,2026-01-05 07:41:00,Monday,7,Failed,VPA_Invalid
U1364,2026-01-31 02:27:00,Saturday,2,Success,
U1365,2026-02-26 06:36:00,Thursday,6,Failed,Bank_Timeout
U1366,2026-02-12 04:29:00,Thursday,4,Failed,VPA_Invalid
U1367,2026-02-18 12:05:00,Wednesday,12,Success,
U1368,2026-02-17 07:15:00,Tuesday,7,Success,
U1369,2026-01-10 17:59:00,Saturday,17,Success,
U1370,2026-02-27 05:27:00,Friday,5,Success,
U1371,2026-01-06 12:20:00,Tuesday,12,Failed,Incorrect_UPI_PIN
U1372,2026-02-16 19:03:00,Monday,19,Success,
U1373,2026-03-01 18:37:00,Sunday,18,Failed,VPA_Invalid
U1374,2026-01-09 01:38:00,Friday,1,Failed,VPA_Invalid
U1375,2026-01-08 06:26:00,Thursday,6,Failed,VPA_Invalid
U1376,2026-01-02 08:06:00,Friday,8,Success,
U1377,2026-02-05 12:56:00,Thursday,12,Success,
U1378,2026-01-06 12:10:00,Tuesday,12,Failed,Bank_Timeout
U1379,2026-02-04 15:39:00,Wednesday,15,Failed,Incorrect_UPI_PIN
U1380,2026-01-25 05:47:00,Sunday,5,Failed,Bank_Timeout
U1381,2026-01-26 12:04:00,Monday,12,Success,
U1382,2026-01-27 20:02:00,Tuesday,20,Success,
U1383,2026-01-27 19:28:00,Tuesday,19,Failed,VPA_Invalid
U1384,2026-01-22 04:03:00,Thursday,4,Success,
U1385,2026-02-10 23:26:00,Tuesday,23,Success,
U1386,2026-01-27 00:32:00,Tuesday,0,Success,
U1387,2026-01-17 10:56:00,Saturday,10,Failed,Incorrect_UPI_PIN
U1388,2026-01-13 00:52:00,Tuesday,0,Failed,Incorrect_UPI_PIN
U1389,2026-02-17 00:26:00,Tuesday,0,Success,
U1390,2026-01-19 18:18:00,Monday,18,Failed,Incorrect_UPI_PIN
U1391,2026-02-21 14:45:00,Saturday,14,Success,
U1392,2026-02-16 01:30:00,Monday,1,Failed,Incorrect_UPI_PIN
U1393,2026-02-22 14:58:00,Sunday,14,Failed,Incorrect_UPI_PIN
U1394,2026-01-22 22:56:00,Thursday,22,Failed,Bank_Timeout
U1395,2026-02-22 14:59:00,Sunday,14,Success,
U1396,2026-01-23 13:10:00,Friday,13,Failed,Incorrect_UPI_PIN
U1397,2026-02-11 15:07:00,Wednesday,15,Success,
U1398,2026-02-15 04:35:00,Sunday,4,Failed,Incorrect_UPI_PIN
U1399,2026-02-16 14:00:00,Monday,14,Failed,VPA_Invalid
U1400,2026-03-01 14:42:00,Sunday,14,Success,
U1401,2026-01-17 03:11:00,Saturday,3,Success,
U1402,2026-01-05 16:42:00,Monday,16,Success,
U1403,2026-01-31 12:57:00,Saturday,12,Success,
U1404,2026-02-01 01:32:00,Sunday,1,Failed,Bank_Timeout
U1405,2026-01-05 12:14:00,Monday,12,Failed,Incorrect_UPI_PIN
U1406,2026-02-11 06:21:00,Wednesday,6,Failed,VPA_Invalid
U1407,2026-01-24 13:04:00,Saturday,13,Success,
U1408,2026-01-20 02:50:00,Tuesday,2,Failed,VPA_Invalid
U1409,2026-01-20 04:58:00,Tuesday,4,Success,
U1410,2026-01-26 09:10:00,Monday,9,Failed,Bank_Timeout
U1411,2026-01-05 23:02:00,Monday,23,Failed,Bank_Timeout
U1412,2026-01-22 15:21:00,Thursday,15,Failed,VPA_Invalid
U1413,2026-02-22 21:21:00,Sunday,21,Failed,VPA_Invalid
U1414,2026-01-15 05:51:00,Thursday,5,Failed,Incorrect_UPI_PIN
U1415,2026-02-09 13:12:00,Monday,13,Failed,Bank_Timeout
U1416,2026-02-04 15:25:00,Wednesday,15,Success,
U1417,2026-01-06 11:23:00,Tuesday,11,Failed,Incorrect_UPI_PIN
U1418,2026-01-13 20:04:00,Tuesday,20,Success,
U1419,2026-01-18 22:30:00,Sunday,22,Failed,VPA_Invalid
U1420,2026-02-21 09:42:00,Saturday,9,Failed,Incorrect_UPI_PIN
U1421,2026-03-01 11:45:00,Sunday,11,Failed,Incorrect_UPI_PIN
U1422,2026-02-09 09:43:00,Monday,9,Failed,Incorrect_UPI_PIN
U1423,2026-02-11 22:09:00,Wednesday,22,Success,
U1424,2026-01-22 10:48:00,Thursday,10,Failed,Incorrect_UPI_PIN
U1425,2026-02-10 01:09:00,Tuesday,1,Failed,VPA_Invalid
U1426,2026-02-06 01:11:00,Friday,1,Success,
U1427,2026-01-11 16:49:00,Sunday,16,Success,
U1428,2026-01-25 16:12:00,Sunday,16,Failed,Bank_Timeout
U1429,2026-01-31 22:43:00,Saturday,22,Failed,Incorrect_UPI_PIN
U1430,2026-01-30 10:37:00,Friday,10,Failed,Bank_Timeout
U1431,2026-02-15 11:11:00,Sunday,11,Failed,VPA_Invalid
U1432,2026-02-20 14:15:00,Friday,14,Failed,Incorrect_UPI_PIN
U1433,2026-02-28 00:06:00,Saturday,0,Failed,Incorrect_UPI_PIN
U1434,2026-01-23 00:40:00,Friday,0,Failed,VPA_Invalid
U1435,2026-01-29 04:33:00,Thursday,4,Success,
U1436,2026-01-04 05:13:00,Sunday,5,Success,
U1437,2026-02-16 23:08:00,Monday,23,Failed,Bank_Timeout
U1438,2026-01-12 21:08:00,Monday,21,Failed,Incorrect_UPI_PIN
U1439,2026-02-28 17:58:00,Saturday,17,Failed,VPA_Invalid
U1440,2026-02-21 03:08:00,Saturday,3,Failed,VPA_Invalid
U1441,2026-01-28 12:49:00,Wednesday,12,Failed,Bank_Timeout
U1442,2026-02-15 16:52:00,Sunday,16,Failed,Incorrect_UPI_PIN
U1443,2026-02-07 06:05:00,Saturday,6,Success,
U1444,2026-01-08 09:23:00,Thursday,9,Failed,VPA_Invalid
U1445,2026-03-01 19:55:00,Sunday,19,Success,
U1446,2026-02-10 02:23:00,Tuesday,2,Success,
U1447,2026-02-28 18:46:00,Saturday,18,Failed,Bank_Timeout
U1448,2026-02-08 07:12:00,Sunday,7,Failed,Incorrect_UPI_PIN
U1449,2026-02-18 18:32:00,Wednesday,18,Failed,VPA_Invalid
U1450,2026-01-05 09:04:00,Monday,9,Success,
U1451,2026-02-11 23:02:00,Wednesday,23,Success,
U1452,2026-02-01 22:50:00,Sunday,22,Success,
U1453,2026-01-19 03:45:00,Monday,3,Failed,VPA_Invalid
U1454,2026-01-19 15:43:00,Monday,15,Failed,VPA_Invalid
U1455,2026-02-22 07:42:00,Sunday,7,Failed,VPA_Invalid
U1456,2026-02-05 22:02:00,Thursday,22,Success,
U1457,2026-01-01 09:28:00,Thursday,9,Failed,VPA_Invalid
U1458,2026-02-04 22:16:00,Wednesday,22,Failed,VPA_Invalid
U1459,2026-01-25 15:12:00,Sunday,15,Success,
U1460,2026-02-21 08:31:00,Saturday,8,Failed,VPA_Invalid
U1461,2026-01-09 00:01:00,Friday,0,Success,
U1462,2026-02-25 15:17:00,Wednesday,15,Failed,Incorrect_UPI_PIN
U1463,2026-01-18 17:26:00,Sunday,17,Failed,Incorrect_UPI_PIN
U1464,2026-02-10 23:07:00,Tuesday,23,Failed,Incorrect_UPI_PIN
U1465,2026-02-17 17:15:00,Tuesday,17,Success,
U1466,2026-02-24 16:55:00,Tuesday,16,Success,
U1467,2026-02-10 13:26:00,Tuesday,13,Failed,Bank_Timeout
U1468,2026-02-06 03:59:00,Friday,3,Failed,VPA_Invalid
U1469,2026-01-13 02:17:00,Tuesday,2,Failed,Incorrect_UPI_PIN
U1470,2026-01-11 16:26:00,Sunday,16,Success,
U1471,2026-02-05 13:10:00,Thursday,13,Failed,Incorrect_UPI_PIN
U1472,2026-01-01 00:14:00,Thursday,0,Success,
U1473,2026-02-19 00:40:00,Thursday,0,Failed,VPA_Invalid
U1474,2026-02-10 01:08:00,Tuesday,1,Failed,VPA_Invalid
U1475,2026-01-05 21:13:00,Monday,21,Failed,VPA_Invalid
U1476,2026-02-20 09:04:00,Friday,9,Success,
U1477,2026-01-12 18:19:00,Monday,18,Failed,Incorrect_UPI_PIN
U1478,2026-01-30 17:30:00,Friday,17,Success,
U1479,2026-02-11 02:46:00,Wednesday,2,Success,
U1480,2026-01-14 11:45:00,Wednesday,11,Success,
U1481,2026-02-03 01:03:00,Tuesday,1,Failed,Incorrect_UPI_PIN
U1482,2026-02-15 01:53:00,Sunday,1,Success,
U1483,2026-01-21 23:11:00,Wednesday,23,Failed,Incorrect_UPI_PIN
U1484,2026-02-07 19:31:00,Saturday,19,Success,
U1485,2026-01-02 07:28:00,Friday,7,Success,
U1486,2026-01-09 06:39:00,Friday,6,Success,
U1487,2026-01-06 12:05:00,Tuesday,12,Success,
U1488,2026-02-11 23:19:00,Wednesday,23,Success,
U1489,2026-01-28 05:21:00,Wednesday,5,Failed,Incorrect_UPI_PIN
U1490,2026-01-23 10:14:00,Friday,10,Failed,VPA_Invalid
U1491,2026-01-28 20:05:00,Wednesday,20,Success,
U1492,2026-02-26 13:06:00,Thursday,13,Success,
U1493,2026-02-03 09:19:00,Tuesday,9,Failed,VPA_Invalid
U1494,2026-02-03 14:52:00,Tuesday,14,Failed,Bank_Timeout
U1495,2026-02-08 12:53:00,Sunday,12,Success,
U1496,2026-02-13 14:14:00,Friday,14,Success,
U1497,2026-01-29 07:39:00,Thursday,7,Failed,Bank_Timeout
U1498,2026-02-03 04:10:00,Tuesday,4,Failed,Bank_Timeout
U1499,2026-02-02 12:40:00,Monday,12,Failed,VPA_Invalid
U1500,2026-02-10 23:00:00,Tuesday,23,Failed,Incorrect_UPI_PIN
U1501,2026-01-19 17:51:00,Monday,17,Success,
U1502,2026-01-21 07:29:00,Wednesday,7,Failed,VPA_Invalid
U1503,2026-02-12 11:37:00,Thursday,11,Failed,Bank_Timeout
U1504,2026-01-09 12:43:00,Friday,12,Success,
U1505,2026-01-31 14:45:00,Saturday,14,Success,
U1506,2026-02-14 10:06:00,Saturday,10,Success,
U1507,2026-01-21 09:24:00,Wednesday,9,Failed,VPA_Invalid
U1508,2026-02-27 09:27:00,Friday,9,Success,
U1509,2026-02-17 10:27:00,Tuesday,10,Success,
U1510,2026-01-19 09:14:00,Monday,9,Failed,Bank_Timeout
U1511,2026-02-21 19:33:00,Saturday,19,Success,
U1512,2026-01-01 11:51:00,Thursday,11,Success,
U1513,2026-01-02 06:56:00,Friday,6,Success,
U1514,2026-01-11 04:15:00,Sunday,4,Failed,VPA_Invalid
U1515,2026-02-10 14:46:00,Tuesday,14,Failed,Incorrect_UPI_PIN
U1516,2026-01-15 16:49:00,Thursday,16,Failed,VPA_Invalid
U1517,2026-02-21 02:33:00,Saturday,2,Success,
U1518,2026-02-10 01:22:00,Tuesday,1,Failed,Incorrect_UPI_PIN
U1519,2026-02-25 16:18:00,Wednesday,16,Success,
U1520,2026-01-22 03:43:00,Thursday,3,Failed,Incorrect_UPI_PIN
U1521,2026-02-11 22:17:00,Wednesday,22,Failed,Bank_Timeout
U1522,2026-01-12 21:08:00,Monday,21,Success,
U1523,2026-02-02 02:42:00,Monday,2,Success,
U1524,2026-01-26 00:14:00,Monday,0,Success,
U1525,2026-02-23 22:18:00,Monday,22,Success,
U1526,2026-01-17 07:01:00,Saturday,7,Failed,VPA_Invalid
U1527,2026-01-08 01:11:00,Thursday,1,Failed,VPA_Invalid
U1528,2026-02-28 09:08:00,Saturday,9,Failed,Bank_Timeout
U1529,2026-02-21 07:40:00,Saturday,7,Failed,VPA_Invalid
U1530,2026-01-13 06:28:00,Tuesday,6,Success,
U1531,2026-01-25 15:58:00,Sunday,15,Failed,VPA_Invalid
U1532,2026-01-17 19:42:00,Saturday,19,Success,
U1533,2026-02-01 09:18:00,Sunday,9,Failed,Incorrect_UPI_PIN
U1534,2026-01-14 12:24:00,Wednesday,12,Failed,Incorrect_UPI_PIN
U1535,2026-02-08 16:33:00,Sunday,16,Success,
U1536,2026-01-09 02:39:00,Friday,2,Success,
U1537,2026-01-14 22:30:00,Wednesday,22,Success,
U1538,2026-02-26 01:56:00,Thursday,1,Success,
U1539,2026-01-23 18:50:00,Friday,18,Failed,Bank_Timeout
U1540,2026-02-18 10:32:00,Wednesday,10,Failed,Incorrect_UPI_PIN
U1541,2026-02-19 04:32:00,Thursday,4,Success,
U1542,2026-02-15 23:35:00,Sunday,23,Failed,VPA_Invalid
U1543,2026-02-05 02:25:00,Thursday,2,Success,
U1544,2026-02-18 18:11:00,Wednesday,18,Failed,VPA_Invalid
U1545,2026-02-18 02:10:00,Wednesday,2,Success,
U1546,2026-02-03 17:24:00,Tuesday,17,Failed,VPA_Invalid
U1547,2026-02-23 10:48:00,Monday,10,Failed,Bank_Timeout
U1548,2026-01-20 06:43:00,Tuesday,6,Failed,Bank_Timeout
U1549,2026-02-08 10:35:00,Sunday,10,Success,
U1550,2026-01-02 14:12:00,Friday,14,Failed,Incorrect_UPI_PIN
U1551,2026-02-03 03:28:00,Tuesday,3,Success,
U1552,2026-01-27 06:22:00,Tuesday,6,Failed,VPA_Invalid
U1553,2026-02-04 12:00:00,Wednesday,12,Failed,Bank_Timeout
U1554,2026-02-28 05:05:00,Saturday,5,Success,
U1555,2026-02-11 12:06:00,Wednesday,12,Failed,VPA_Invalid
U1556,2026-02-10 02:20:00,Tuesday,2,Failed,VPA_Invalid
U1557,2026-01-26 20:01:00,Monday,20,Success,
U1558,2026-01-15 18:38:00,Thursday,18,Failed,Incorrect_UPI_PIN
U1559,2026-01-13 21:29:00,Tuesday,21,Success,
U1560,2026-02-04 08:08:00,Wednesday,8,Success,
U1561,2026-02-15 20:57:00,Sunday,20,Success,
U1562,2026-01-25 09:54:00,Sunday,9,Failed,Bank_Timeout
U1563,2026-02-02 09:12:00,Monday,9,Success,
U1564,2026-01-25 01:02:00,Sunday,1,Failed,Incorrect_UPI_PIN
U1565,2026-02-05 16:04:00,Thursday,16,Failed,Incorrect_UPI_PIN
U1566,2026-01-15 13:45:00,Thursday,13,Success,
U1567,2026-02-28 21:21:00,Saturday,21,Failed,Incorrect_UPI_PIN
U1568,2026-02-08 10:55:00,Sunday,10,Failed,Incorrect_UPI_PIN
U1569,2026-02-20 07:13:00,Friday,7,Failed,Bank_Timeout
U1570,2026-01-20 10:58:00,Tuesday,10,Failed,Bank_Timeout
U1571,2026-01-07 09:50:00,Wednesday,9,Failed,Incorrect_UPI_PIN
U1572,2026-02-13 00:30:00,Friday,0,Failed,Bank_Timeout
U1573,2026-01-12 21:52:00,Monday,21,Failed,VPA_Invalid
U1574,2026-01-29 16:46:00,Thursday,16,Failed,Bank_Timeout
U1575,2026-01-11 16:41:00,Sunday,16,Success,
U1576,2026-01-19 18:12:00,Monday,18,Failed,Bank_Timeout
U1577,2026-02-23 01:48:00,Monday,1,Failed,Incorrect_UPI_PIN
U1578,2026-02-19 09:10:00,Thursday,9,Failed,Bank_Timeout
U1579,2026-01-30 21:17:00,Friday,21,Success,
U1580,2026-01-08 21:18:00,Thursday,21,Success,
U1581,2026-01-06 20:15:00,Tuesday,20,Success,
U1582,2026-01-25 09:34:00,Sunday,9,Failed,VPA_Invalid
U1583,2026-02-01 06:02:00,Sunday,6,Failed,Incorrect_UPI_PIN
U1584,2026-01-09 00:46:00,Friday,0,Failed,Bank_Timeout
U1585,2026-01-24 11:18:00,Saturday,11,Failed,Incorrect_UPI_PIN
U1586,2026-01-23 04:22:00,Friday,4,Success,
U1587,2026-02-19 20:00:00,Thursday,20,Failed,Incorrect_UPI_PIN
U1588,2026-01-24 01:00:00,Saturday,1,Failed,Incorrect_UPI_PIN
U1589,2026-01-11 16:24:00,Sunday,16,Failed,Incorrect_UPI_PIN
U1590,2026-02-15 18:47:00,Sunday,18,Success,
U1591,2026-01-13 15:41:00,Tuesday,15,Success,
U1592,2026-01-22 20:33:00,Thursday,20,Failed,Incorrect_UPI_PIN
U1593,2026-01-26 13:22:00,Monday,13,Success,
U1594,2026-02-01 05:53:00,Sunday,5,Failed,VPA_Invalid
U1595,2026-02-03 12:04:00,Tuesday,12,Failed,VPA_Invalid
U1596,2026-01-19 11:54:00,Monday,11,Failed,Incorrect_UPI_PIN
U1597,2026-02-06 22:31:00,Friday,22,Failed,Bank_Timeout
U1598,2026-02-26 23:26:00,Thursday,23,Success,
U1599,2026-01-15 00:25:00,Thursday,0,Failed,VPA_Invalid
U1600,2026-01-13 06:38:00,Tuesday,6,Failed,VPA_Invalid
U1601,2026-02-17 11:43:00,Tuesday,11,Success,
U1602,2026-01-14 04:52:00,Wednesday,4,Success,
U1603,2026-01-13 02:34:00,Tuesday,2,Failed,Incorrect_UPI_PIN
U1604,2026-02-10 10:55:00,Tuesday,10,Failed,Bank_Timeout
U1605,2026-01-26 08:15:00,Monday,8,Failed,Bank_Timeout
U1606,2026-01-05 23:07:00,Monday,23,Success,
U1607,2026-01-22 11:11:00,Thursday,11,Failed,Bank_Timeout
U1608,2026-02-05 22:05:00,Thursday,22,Success,
U1609,2026-01-02 13:28:00,Friday,13,Failed,Incorrect_UPI_PIN
U1610,2026-02-26 16:02:00,Thursday,16,Failed,Incorrect_UPI_PIN
U1611,2026-02-20 15:07:00,Friday,15,Failed,VPA_Invalid
U1612,2026-01-07 14:11:00,Wednesday,14,Failed,Bank_Timeout
U1613,2026-02-07 12:46:00,Saturday,12,Success,
U1614,2026-02-25 02:02:00,Wednesday,2,Failed,Bank_Timeout
U1615,2026-01-12 11:14:00,Monday,11,Failed,VPA_Invalid
U1616,2026-02-04 04:57:00,Wednesday,4,Success,
U1617,2026-01-20 15:28:00,Tuesday,15,Failed,Bank_Timeout
U1618,2026-01-03 12:20:00,Saturday,12,Success,
U1619,2026-02-01 06:48:00,Sunday,6,Failed,Incorrect_UPI_PIN
U1620,2026-01-13 22:05:00,Tuesday,22,Failed,Bank_Timeout
U1621,2026-02-07 08:23:00,Saturday,8,Failed,Incorrect_UPI_PIN
U1622,2026-02-26 11:01:00,Thursday,11,Success,
U1623,2026-01-25 18:10:00,Sunday,18,Success,
U1624,2026-02-07 22:11:00,Saturday,22,Success,
U1625,2026-01-05 20:27:00,Monday,20,Failed,Incorrect_UPI_PIN
U1626,2026-02-03 10:49:00,Tuesday,10,Failed,Incorrect_UPI_PIN
U1627,2026-02-20 12:59:00,Friday,12,Success,
U1628,2026-01-22 09:40:00,Thursday,9,Success,
U1629,2026-01-07 20:51:00,Wednesday,20,Failed,Bank_Timeout
U1630,2026-01-22 17:02:00,Thursday,17,Success,
U1631,2026-02-12 04:22:00,Thursday,4,Failed,Incorrect_UPI_PIN
U1632,2026-02-08 14:00:00,Sunday,14,Success,
U1633,2026-01-11 11:06:00,Sunday,11,Success,
U1634,2026-01-01 15:10:00,Thursday,15,Success,
U1635,2026-01-05 17:46:00,Monday,17,Failed,Bank_Timeout
U1636,2026-02-07 03:30:00,Saturday,3,Failed,Bank_Timeout
U1637,2026-02-10 05:30:00,Tuesday,5,Success,
U1638,2026-01-01 11:12:00,Thursday,11,Success,
U1639,2026-02-27 02:54:00,Friday,2,Success,
U1640,2026-02-26 13:10:00,Thursday,13,Failed,Bank_Timeout
U1641,2026-01-18 21:43:00,Sunday,21,Failed,Bank_Timeout
U1642,2026-01-06 13:54:00,Tuesday,13,Success,
U1643,2026-03-01 22:50:00,Sunday,22,Failed,Bank_Timeout
U1644,2026-02-26 08:08:00,Thursday,8,Success,
U1645,2026-01-23 21:25:00,Friday,21,Success,
U1646,2026-01-18 16:26:00,Sunday,16,Failed,Bank_Timeout
U1647,2026-02-17 10:58:00,Tuesday,10,Failed,Bank_Timeout
U1648,2026-01-09 16:56:00,Friday,16,Failed,VPA_Invalid
U1649,2026-02-17 14:25:00,Tuesday,14,Failed,Bank_Timeout
U1650,2026-01-03 09:02:00,Saturday,9,Success,
U1651,2026-01-17 15:01:00,Saturday,15,Success,
U1652,2026-02-27 15:14:00,Friday,15,Failed,Incorrect_UPI_PIN
U1653,2026-02-26 22:24:00,Thursday,22,Failed,Bank_Timeout
U1654,2026-02-24 08:06:00,Tuesday,8,Failed,VPA_Invalid
U1655,2026-03-01 23:12:00,Sunday,23,Failed,Incorrect_UPI_PIN
U1656,2026-01-22 09:39:00,Thursday,9,Failed,VPA_Invalid
U1657,2026-01-29 03:42:00,Thursday,3,Success,
U1658,2026-02-08 01:26:00,Sunday,1,Failed,VPA_Invalid
U1659,2026-02-21 12:55:00,Saturday,12,Success,
U1660,2026-02-25 22:22:00,Wednesday,22,Failed,Bank_Timeout
U1661,2026-01-25 12:21:00,Sunday,12,Failed,Incorrect_UPI_PIN
U1662,2026-02-15 09:14:00,Sunday,9,Failed,Bank_Timeout
U1663,2026-02-25 08:43:00,Wednesday,8,Failed,Bank_Timeout
U1664,2026-02-24 03:02:00,Tuesday,3,Failed,Incorrect_UPI_PIN
U1665,2026-02-14 20:43:00,Saturday,20,Success,
U1666,2026-02-18 02:04:00,Wednesday,2,Success,
U1667,2026-02-19 21:21:00,Thursday,21,Success,
U1668,2026-01-18 20:03:00,Sunday,20,Failed,VPA_Invalid
U1669,2026-02-07 20:41:00,Saturday,20,Success,
U1670,2026-02-14 14:46:00,Saturday,14,Success,
U1671,2026-01-03 02:56:00,Saturday,2,Success,
U1672,2026-02-19 22:33:00,Thursday,22,Failed,VPA_Invalid
U1673,2026-02-05 07:01:00,Thursday,7,Failed,VPA_Invalid
U1674,2026-02-04 08:45:00,Wednesday,8,Success,
U1675,2026-01-04 12:25:00,Sunday,12,Failed,VPA_Invalid
U1676,2026-01-24 11:17:00,Saturday,11,Success,
U1677,2026-01-05 07:11:00,Monday,7,Failed,Incorrect_UPI_PIN
U1678,2026-02-21 16:16:00,Saturday,16,Success,
U1679,2026-01-31 18:01:00,Saturday,18,Success,
U1680,2026-02-24 12:23:00,Tuesday,12,Failed,VPA_Invalid
U1681,2026-01-03 04:52:00,Saturday,4,Success,
U1682,2026-01-24 14:10:00,Saturday,14,Failed,Bank_Timeout
U1683,2026-01-12 19:33:00,Monday,19,Success,
U1684,2026-02-14 19:48:00,Saturday,19,Failed,Incorrect_UPI_PIN
U1685,2026-01-27 09:34:00,Tuesday,9,Failed,VPA_Invalid
U1686,2026-02-22 01:57:00,Sunday,1,Success,
U1687,2026-02-09 11:21:00,Monday,11,Failed,Bank_Timeout
U1688,2026-02-01 00:26:00,Sunday,0,Failed,VPA_Invalid
U1689,2026-02-27 03:42:00,Friday,3,Failed,Bank_Timeout
U1690,2026-01-21 19:15:00,Wednesday,19,Success,
U1691,2026-01-04 15:20:00,Sunday,15,Success,
U1692,2026-02-17 16:14:00,Tuesday,16,Failed,VPA_Invalid
U1693,2026-01-20 11:49:00,Tuesday,11,Failed,Incorrect_UPI_PIN
U1694,2026-01-22 17:16:00,Thursday,17,Success,
U1695,2026-02-21 06:56:00,Saturday,6,Success,
U1696,2026-01-10 00:44:00,Saturday,0,Success,
U1697,2026-01-18 22:41:00,Sunday,22,Success,
U1698,2026-02-21 15:35:00,Saturday,15,Success,
U1699,2026-02-18 12:00:00,Wednesday,12,Failed,Incorrect_UPI_PIN
U1700,2026-01-30 19:39:00,Friday,19,Failed,Bank_Timeout
U1701,2026-02-19 11:32:00,Thursday,11,Failed,VPA_Invalid
U1702,2026-01-09 05:41:00,Friday,5,Failed,Incorrect_UPI_PIN
U1703,2026-02-23 14:09:00,Monday,14,Failed,Incorrect_UPI_PIN
U1704,2026-01-05 02:20:00,Monday,2,Success,
U1705,2026-02-26 22:27:00,Thursday,22,Success,
U1706,2026-01-02 03:46:00,Friday,3,Failed,Bank_Timeout
U1707,2026-02-14 19:56:00,Saturday,19,Failed,VPA_Invalid
U1708,2026-02-16 20:52:00,Monday,20,Failed,VPA_Invalid
U1709,2026-01-17 08:20:00,Saturday,8,Failed,Incorrect_UPI_PIN
U1710,2026-02-27 04:25:00,Friday,4,Success,
U1711,2026-02-13 17:23:00,Friday,17,Failed,Bank_Timeout
U1712,2026-02-20 16:52:00,Friday,16,Success,
U1713,2026-02-08 13:23:00,Sunday,13,Failed,VPA_Invalid
U1714,2026-02-19 08:29:00,Thursday,8,Failed,VPA_Invalid
U1715,2026-01-07 16:18:00,Wednesday,16,Failed,Incorrect_UPI_PIN
U1716,2026-02-11 21:28:00,Wednesday,21,Success,
U1717,2026-01-19 02:37:00,Monday,2,Failed,Incorrect_UPI_PIN
U1718,2026-02-28 22:34:00,Saturday,22,Failed,Incorrect_UPI_PIN
U1719,2026-01-27 20:34:00,Tuesday,20,Success,
U1720,2026-01-29 19:05:00,Thursday,19,Failed,Bank_Timeout
U1721,2026-01-20 23:45:00,Tuesday,23,Failed,VPA_Invalid
U1722,2026-03-01 11:26:00,Sunday,11,Failed,Incorrect_UPI_PIN
U1723,2026-02-15 22:05:00,Sunday,22,Failed,VPA_Invalid
U1724,2026-01-18 06:48:00,Sunday,6,Success,
U1725,2026-02-08 19:29:00,Sunday,19,Failed,Bank_Timeout
U1726,2026-02-02 10:26:00,Monday,10,Failed,Bank_Timeout
U1727,2026-01-29 08:48:00,Thursday,8,Success,
U1728,2026-01-22 03:46:00,Thursday,3,Success,
U1729,2026-01-21 00:56:00,Wednesday,0,Failed,Bank_Timeout
U1730,2026-01-28 00:18:00,Wednesday,0,Failed,Bank_Timeout
U1731,2026-01-09 07:45:00,Friday,7,Success,
U1732,2026-01-03 18:26:00,Saturday,18,Failed,VPA_Invalid
U1733,2026-01-22 12:55:00,Thursday,12,Success,
U1734,2026-01-11 21:06:00,Sunday,21,Failed,Incorrect_UPI_PIN
U1735,2026-01-17 08:05:00,Saturday,8,Success,
U1736,2026-01-23 00:52:00,Friday,0,Failed,Incorrect_UPI_PIN
U1737,2026-02-01 09:59:00,Sunday,9,Success,
U1738,2026-01-12 14:06:00,Monday,14,Success,
U1739,2026-01-03 18:59:00,Saturday,18,Failed,VPA_Invalid
U1740,2026-02-22 01:22:00,Sunday,1,Success,
U1741,2026-01-01 16:24:00,Thursday,16,Success,
U1742,2026-01-27 04:56:00,Tuesday,4,Success,
U1743,2026-01-01 13:01:00,Thursday,13,Failed,Bank_Timeout
U1744,2026-02-08 17:56:00,Sunday,17,Failed,VPA_Invalid
U1745,2026-02-13 19:38:00,Friday,19,Success,
U1746,2026-02-21 14:07:00,Saturday,14,Failed,VPA_Invalid
U1747,2026-01-04 19:42:00,Sunday,19,Success,
U1748,2026-01-01 04:34:00,Thursday,4,Failed,Bank_Timeout
U1749,2026-02-05 14:08:00,Thursday,14,Failed,VPA_Invalid
U1750,2026-02-04 15:00:00,Wednesday,15,Success,
U1751,2026-01-07 03:39:00,Wednesday,3,Failed,Incorrect_UPI_PIN
U1752,2026-02-02 21:33:00,Monday,21,Success,
U1753,2026-01-25 12:08:00,Sunday,12,Success,
U1754,2026-01-20 17:01:00,Tuesday,17,Failed,VPA_Invalid
U1755,2026-02-28 06:58:00,Saturday,6,Failed,VPA_Invalid
U1756,2026-01-03 10:16:00,Saturday,10,Success,
U1757,2026-02-28 10:15:00,Saturday,10,Failed,VPA_Invalid
U1758,2026-02-06 00:43:00,Friday,0,Success,
U1759,2026-01-17 14:28:00,Saturday,14,Failed,Incorrect_UPI_PIN
U1760,2026-02-01 12:51:00,Sunday,12,Failed,Bank_Timeout
U1761,2026-02-21 19:26:00,Saturday,19,Failed,VPA_Invalid
U1762,2026-01-17 11:42:00,Saturday,11,Failed,Bank_Timeout
U1763,2026-02-07 14:13:00,Saturday,14,Failed,Bank_Timeout
U1764,2026-01-07 06:10:00,Wednesday,6,Success,
U1765,2026-02-08 08:17:00,Sunday,8,Failed,Bank_Timeout
U1766,2026-01-03 03:44:00,Saturday,3,Failed,Bank_Timeout
U1767,2026-01-21 21:02:00,Wednesday,21,Failed,VPA_Invalid
U1768,2026-02-17 15:57:00,Tuesday,15,Success,
U1769,2026-01-07 21:08:00,Wednesday,21,Failed,VPA_Invalid
U1770,2026-02-11 19:03:00,Wednesday,19,Failed,VPA_Invalid
U1771,2026-02-05 20:38:00,Thursday,20,Failed,Incorrect_UPI_PIN
U1772,2026-02-14 13:29:00,Saturday,13,Failed,Incorrect_UPI_PIN
U1773,2026-02-28 09:11:00,Saturday,9,Failed,Incorrect_UPI_PIN
U1774,2026-01-22 07:43:00,Thursday,7,Failed,VPA_Invalid
U1775,2026-01-13 09:14:00,Tuesday,9,Failed,Bank_Timeout
U1776,2026-02-24 02:10:00,Tuesday,2,Failed,Incorrect_UPI_PIN
U1777,2026-02-21 20:24:00,Saturday,20,Success,
U1778,2026-01-18 17:26:00,Sunday,17,Failed,Incorrect_UPI_PIN
U1779,2026-01-27 23:35:00,Tuesday,23,Failed,VPA_Invalid
U1780,2026-02-20 17:24:00,Friday,17,Success,
U1781,2026-01-10 04:41:00,Saturday,4,Failed,Bank_Timeout
U1782,2026-01-20 08:16:00,Tuesday,8,Success,
U1783,2026-02-22 21:02:00,Sunday,21,Success,
U1784,2026-01-24 05:53:00,Saturday,5,Success,
U1785,2026-02-09 00:10:00,Monday,0,Failed,Incorrect_UPI_PIN
U1786,2026-01-31 19:40:00,Saturday,19,Success,
U1787,2026-02-04 11:43:00,Wednesday,11,Failed,Bank_Timeout
U1788,2026-02-20 13:48:00,Friday,13,Success,
U1789,2026-01-28 19:05:00,Wednesday,19,Success,
U1790,2026-02-16 15:25:00,Monday,15,Failed,Incorrect_UPI_PIN
U1791,2026-01-25 08:50:00,Sunday,8,Failed,Incorrect_UPI_PIN
U1792,2026-01-31 02:07:00,Saturday,2,Failed,Incorrect_UPI_PIN
U1793,2026-01-05 08:35:00,Monday,8,Failed,Incorrect_UPI_PIN
U1794,2026-01-20 21:15:00,Tuesday,21,Success,
U1795,2026-01-04 08:14:00,Sunday,8,Failed,Bank_Timeout
U1796,2026-02-10 03:25:00,Tuesday,3,Failed,Bank_Timeout
U1797,2026-02-05 17:05:00,Thursday,17,Failed,Bank_Timeout
U1798,2026-02-01 03:23:00,Sunday,3,Failed,Incorrect_UPI_PIN
U1799,2026-02-02 11:47:00,Monday,11,Success,
U1800,2026-02-11 21:47:00,Wednesday,21,Failed,Bank_Timeout
U1801,2026-02-27 22:43:00,Friday,22,Success,
U1802,2026-02-16 21:33:00,Monday,21,Failed,VPA_Invalid
U1803,2026-01-14 03:00:00,Wednesday,3,Failed,Incorrect_UPI_PIN
U1804,2026-01-15 16:32:00,Thursday,16,Success,
U1805,2026-02-28 10:44:00,Saturday,10,Failed,Bank_Timeout
U1806,2026-02-22 07:57:00,Sunday,7,Failed,VPA_Invalid
U1807,2026-02-25 23:25:00,Wednesday,23,Failed,Incorrect_UPI_PIN
U1808,2026-02-19 00:54:00,Thursday,0,Failed,Bank_Timeout
U1809,2026-01-12 14:18:00,Monday,14,Success,
U1810,2026-01-23 11:47:00,Friday,11,Failed,Incorrect_UPI_PIN
U1811,2026-01-10 15:26:00,Saturday,15,Failed,Bank_Timeout
U1812,2026-02-23 20:37:00,Monday,20,Success,
U1813,2026-01-26 18:34:00,Monday,18,Failed,Bank_Timeout
U1814,2026-01-19 12:54:00,Monday,12,Success,
U1815,2026-01-06 05:09:00,Tuesday,5,Success,
U1816,2026-01-04 18:56:00,Sunday,18,Failed,VPA_Invalid
U1817,2026-02-08 17:34:00,Sunday,17,Success,
U1818,2026-01-20 08:32:00,Tuesday,8,Failed,VPA_Invalid
U1819,2026-02-25 05:49:00,Wednesday,5,Success,
U1820,2026-01-02 03:37:00,Friday,3,Failed,Incorrect_UPI_PIN
U1821,2026-02-23 20:32:00,Monday,20,Failed,Bank_Timeout
U1822,2026-02-26 05:28:00,Thursday,5,Failed,Incorrect_UPI_PIN
U1823,2026-01-02 15:31:00,Friday,15,Failed,Bank_Timeout
U1824,2026-01-01 05:55:00,Thursday,5,Failed,VPA_Invalid
U1825,2026-01-01 23:44:00,Thursday,23,Failed,VPA_Invalid
U1826,2026-01-03 03:13:00,Saturday,3,Success,
U1827,2026-01-28 05:51:00,Wednesday,5,Success,
U1828,2026-02-03 19:14:00,Tuesday,19,Failed,Bank_Timeout
U1829,2026-02-15 23:45:00,Sunday,23,Failed,Incorrect_UPI_PIN
U1830,2026-02-10 01:37:00,Tuesday,1,Failed,Bank_Timeout
U1831,2026-01-11 12:39:00,Sunday,12,Success,
U1832,2026-01-25 08:16:00,Sunday,8,Failed,Bank_Timeout
U1833,2026-01-16 14:15:00,Friday,14,Success,
U1834,2026-02-10 18:39:00,Tuesday,18,Success,
U1835,2026-01-13 12:01:00,Tuesday,12,Failed,Incorrect_UPI_PIN
U1836,2026-02-11 15:24:00,Wednesday,15,Failed,Incorrect_UPI_PIN
U1837,2026-01-30 12:32:00,Friday,12,Success,
U1838,2026-01-26 18:21:00,Monday,18,Success,
U1839,2026-02-09 05:43:00,Monday,5,Success,
U1840,2026-02-02 20:11:00,Monday,20,Failed,VPA_Invalid
U1841,2026-02-19 05:19:00,Thursday,5,Failed,Bank_Timeout
U1842,2026-01-12 00:34:00,Monday,0,Failed,Bank_Timeout
U1843,2026-02-21 06:12:00,Saturday,6,Failed,Bank_Timeout
U1844,2026-01-18 08:22:00,Sunday,8,Success,
U1845,2026-01-18 08:11:00,Sunday,8,Failed,Incorrect_UPI_PIN
U1846,2026-01-29 00:08:00,Thursday,0,Success,
U1847,2026-01-02 06:47:00,Friday,6,Failed,VPA_Invalid
U1848,2026-01-06 17:23:00,Tuesday,17,Failed,VPA_Invalid
U1849,2026-01-03 11:31:00,Saturday,11,Failed,Bank_Timeout
U1850,2026-02-26 19:25:00,Thursday,19,Failed,Bank_Timeout
U1851,2026-02-12 11:21:00,Thursday,11,Failed,Incorrect_UPI_PIN
U1852,2026-02-06 10:10:00,Friday,10,Failed,Incorrect_UPI_PIN
U1853,2026-01-11 04:25:00,Sunday,4,Success,
U1854,2026-01-17 10:11:00,Saturday,10,Failed,VPA_Invalid
U1855,2026-01-28 04:53:00,Wednesday,4,Success,
U1856,2026-01-03 23:02:00,Saturday,23,Success,
U1857,2026-01-28 12:21:00,Wednesday,12,Failed,Bank_Timeout
U1858,2026-01-03 09:25:00,Saturday,9,Failed,VPA_Invalid
U1859,2026-01-04 18:53:00,Sunday,18,Failed,VPA_Invalid
U1860,2026-01-26 23:56:00,Monday,23,Failed,VPA_Invalid
U1861,2026-01-27 00:59:00,Tuesday,0,Success,
U1862,2026-01-16 04:36:00,Friday,4,Success,
U1863,2026-01-03 19:06:00,Saturday,19,Failed,Incorrect_UPI_PIN
U1864,2026-01-18 16:46:00,Sunday,16,Failed,Incorrect_UPI_PIN
U1865,2026-02-22 21:38:00,Sunday,21,Failed,Bank_Timeout
U1866,2026-02-06 03:39:00,Friday,3,Failed,Bank_Timeout
U1867,2026-02-26 02:20:00,Thursday,2,Failed,Bank_Timeout
U1868,2026-02-02 08:28:00,Monday,8,Success,
U1869,2026-03-01 06:51:00,Sunday,6,Success,
U1870,2026-01-04 23:38:00,Sunday,23,Failed,Incorrect_UPI_PIN
U1871,2026-01-31 05:39:00,Saturday,5,Failed,Bank_Timeout
U1872,2026-01-10 21:06:00,Saturday,21,Failed,VPA_Invalid
U1873,2026-01-31 04:07:00,Saturday,4,Failed,Bank_Timeout
U1874,2026-01-31 21:26:00,Saturday,21,Success,
U1875,2026-02-23 13:43:00,Monday,13,Success,
U1876,2026-01-07 23:10:00,Wednesday,23,Success,
U1877,2026-02-13 01:15:00,Friday,1,Success,
U1878,2026-02-15 02:18:00,Sunday,2,Success,
U1879,2026-02-09 12:36:00,Monday,12,Success,
U1880,2026-01-22 21:03:00,Thursday,21,Failed,Incorrect_UPI_PIN
U1881,2026-01-14 14:41:00,Wednesday,14,Failed,Bank_Timeout
U1882,2026-01-03 00:00:00,Saturday,0,Success,
U1883,2026-02-14 03:54:00,Saturday,3,Failed,VPA_Invalid
U1884,2026-01-22 23:11:00,Thursday,23,Success,
U1885,2026-02-23 11:54:00,Monday,11,Success,
U1886,2026-02-14 09:31:00,Saturday,9,Success,
U1887,2026-01-06 22:51:00,Tuesday,22,Failed,Incorrect_UPI_PIN
U1888,2026-02-19 06:09:00,Thursday,6,Success,
U1889,2026-02-03 21:13:00,Tuesday,21,Success,
U1890,2026-01-05 04:47:00,Monday,4,Success,
U1891,2026-02-05 04:46:00,Thursday,4,Success,
U1892,2026-02-19 08:21:00,Thursday,8,Success,
U1893,2026-02-14 15:43:00,Saturday,15,Success,
U1894,2026-01-15 13:30:00,Thursday,13,Success,
U1895,2026-02-09 16:14:00,Monday,16,Success,
U1896,2026-02-22 15:29:00,Sunday,15,Failed,Incorrect_UPI_PIN
U1897,2026-01-14 21:48:00,Wednesday,21,Success,
U1898,2026-01-12 18:29:00,Monday,18,Success,
U1899,2026-01-06 11:24:00,Tuesday,11,Success,
U1900,2026-01-27 02:57:00,Tuesday,2,Failed,VPA_Invalid
U1901,2026-01-25 05:46:00,Sunday,5,Failed,VPA_Invalid
U1902,2026-01-13 00:17:00,Tuesday,0,Success,
U1903,2026-01-11 03:01:00,Sunday,3,Success,
U1904,2026-02-06 03:43:00,Friday,3,Failed,Bank_Timeout
U1905,2026-02-06 11:41:00,Friday,11,Success,
U1906,2026-01-18 06:40:00,Sunday,6,Success,
U1907,2026-01-25 21:04:00,Sunday,21,Success,
U1908,2026-01-20 08:52:00,Tuesday,8,Failed,Bank_Timeout
U1909,2026-02-06 21:03:00,Friday,21,Failed,Bank_Timeout
U1910,2026-01-11 17:17:00,Sunday,17,Failed,Bank_Timeout
U1911,2026-01-03 15:57:00,Saturday,15,Failed,VPA_Invalid
U1912,2026-02-23 13:48:00,Monday,13,Failed,VPA_Invalid
U1913,2026-01-02 06:58:00,Friday,6,Success,
U1914,2026-02-03 20:27:00,Tuesday,20,Failed,VPA_Invalid
U1915,2026-02-07 09:43:00,Saturday,9,Success,
U1916,2026-01-24 03:50:00,Saturday,3,Success,
U1917,2026-02-08 16:25:00,Sunday,16,Failed,Bank_Timeout
U1918,2026-01-08 18:48:00,Thursday,18,Success,
U1919,2026-01-11 07:32:00,Sunday,7,Success,
U1920,2026-01-12 07:53:00,Monday,7,Failed,Incorrect_UPI_PIN
U1921,2026-01-15 07:39:00,Thursday,7,Success,
U1922,2026-01-18 23:17:00,Sunday,23,Failed,Incorrect_UPI_PIN
U1923,2026-01-16 20:18:00,Friday,20,Success,
U1924,2026-01-18 18:27:00,Sunday,18,Success,
U1925,2026-02-02 12:20:00,Monday,12,Failed,VPA_Invalid
U1926,2026-01-17 18:17:00,Saturday,18,Failed,Bank_Timeout
U1927,2026-02-01 15:01:00,Sunday,15,Failed,Bank_Timeout
U1928,2026-01-31 17:39:00,Saturday,17,Failed,VPA_Invalid
U1929,2026-01-19 20:04:00,Monday,20,Failed,Incorrect_UPI_PIN
U1930,2026-02-25 11:00:00,Wednesday,11,Failed,Bank_Timeout
U1931,2026-01-24 11:33:00,Saturday,11,Success,
U1932,2026-02-07 09:15:00,Saturday,9,Success,
U1933,2026-01-05 11:14:00,Monday,11,Failed,Incorrect_UPI_PIN
U1934,2026-02-05 04:40:00,Thursday,4,Failed,Incorrect_UPI_PIN
U1935,2026-03-01 15:50:00,Sunday,15,Success,
U1936,2026-02-08 04:12:00,Sunday,4,Failed,VPA_Invalid
U1937,2026-02-19 04:47:00,Thursday,4,Success,
U1938,2026-01-04 20:52:00,Sunday,20,Failed,Incorrect_UPI_PIN
U1939,2026-01-04 18:37:00,Sunday,18,Success,
U1940,2026-02-02 00:27:00,Monday,0,Failed,VPA_Invalid
U1941,2026-01-03 19:53:00,Saturday,19,Success,
U1942,2026-01-28 03:05:00,Wednesday,3,Failed,VPA_Invalid
U1943,2026-02-11 04:42:00,Wednesday,4,Failed,Incorrect_UPI_PIN
U1944,2026-02-05 15:32:00,Thursday,15,Failed,VPA_Invalid
U1945,2026-02-05 08:07:00,Thursday,8,Failed,VPA_Invalid
U1946,2026-02-01 22:07:00,Sunday,22,Failed,Incorrect_UPI_PIN
U1947,2026-01-05 09:17:00,Monday,9,Failed,Incorrect_UPI_PIN
U1948,2026-01-17 16:50:00,Saturday,16,Failed,VPA_Invalid
U1949,2026-02-10 01:38:00,Tuesday,1,Failed,VPA_Invalid
U1950,2026-02-13 19:53:00,Friday,19,Success,
U1951,2026-01-21 06:19:00,Wednesday,6,Failed,Incorrect_UPI_PIN
U1952,2026-02-11 21:37:00,Wednesday,21,Failed,VPA_Invalid
U1953,2026-01-06 07:46:00,Tuesday,7,Success,
U1954,2026-02-08 09:18:00,Sunday,9,Failed,VPA_Invalid
U1955,2026-02-13 14:28:00,Friday,14,Failed,VPA_Invalid
U1956,2026-01-06 23:22:00,Tuesday,23,Success,
U1957,2026-01-17 07:46:00,Saturday,7,Failed,Bank_Timeout
U1958,2026-01-16 22:49:00,Friday,22,Success,
U1959,2026-01-14 01:54:00,Wednesday,1,Success,
U1960,2026-01-16 17:07:00,Friday,17,Failed,VPA_Invalid
U1961,2026-01-14 15:10:00,Wednesday,15,Failed,Bank_Timeout
U1962,2026-02-13 08:04:00,Friday,8,Failed,VPA_Invalid
U1963,2026-02-15 08:56:00,Sunday,8,Failed,Bank_Timeout
U1964,2026-01-02 23:59:00,Friday,23,Failed,Bank_Timeout
U1965,2026-02-17 15:10:00,Tuesday,15,Success,
U1966,2026-02-04 15:54:00,Wednesday,15,Failed,Bank_Timeout
U1967,2026-02-17 16:56:00,Tuesday,16,Failed,Incorrect_UPI_PIN
U1968,2026-01-09 05:08:00,Friday,5,Failed,VPA_Invalid
U1969,2026-01-11 07:47:00,Sunday,7,Success,
U1970,2026-01-16 22:25:00,Friday,22,Failed,Bank_Timeout
U1971,2026-01-24 23:44:00,Saturday,23,Success,
U1972,2026-02-11 04:21:00,Wednesday,4,Success,
U1973,2026-01-16 11:54:00,Friday,11,Failed,Bank_Timeout
U1974,2026-02-04 01:24:00,Wednesday,1,Success,
U1975,2026-01-08 12:56:00,Thursday,12,Failed,Incorrect_UPI_PIN
U1976,2026-02-11 08:18:00,Wednesday,8,Failed,Incorrect_UPI_PIN
U1977,2026-02-01 08:35:00,Sunday,8,Success,
U1978,2026-01-05 05:38:00,Monday,5,Failed,VPA_Invalid
U1979,2026-02-26 13:50:00,Thursday,13,Failed,VPA_Invalid
U1980,2026-02-08 07:55:00,Sunday,7,Failed,VPA_Invalid
U1981,2026-01-26 13:08:00,Monday,13,Success,
U1982,2026-01-07 19:46:00,Wednesday,19,Success,
U1983,2026-02-11 17:38:00,Wednesday,17,Success,
U1984,2026-02-07 06:55:00,Saturday,6,Failed,Bank_Timeout
U1985,2026-02-15 05:10:00,Sunday,5,Failed,Bank_Timeout
U1986,2026-02-06 14:03:00,Friday,14,Success,
U1987,2026-01-20 20:54:00,Tuesday,20,Failed,VPA_Invalid
U1988,2026-02-18 07:15:00,Wednesday,7,Failed,Bank_Timeout
U1989,2026-01-08 11:50:00,Thursday,11,Failed,Incorrect_UPI_PIN
U1990,2026-01-26 19:43:00,Monday,19,Success,
U1991,2026-01-24 15:20:00,Saturday,15,Failed,Bank_Timeout
U1992,2026-02-19 17:26:00,Thursday,17,Success,
U1993,2026-02-08 06:32:00,Sunday,6,Failed,VPA_Invalid
U1994,2026-02-26 17:32:00,Thursday,17,Success,
U1995,2026-01-29 03:48:00,Thursday,3,Failed,VPA_Invalid
U1996,2026-01-04 19:52:00,Sunday,19,Success,
U1997,2026-01-27 12:25:00,Tuesday,12,Success,
U1998,2026-01-07 05:51:00,Wednesday,5,Success,
U1999,2026-01-25 06:36:00,Sunday,6,Failed,Bank_Timeout
U2000,2026-02-16 11:03:00,Monday,11,Success,
